name;id;parent_id;href
Корм сухой для собак;korm_sukhoy_dlya_sobak;tovary-i-korma-dlya-sobak;/catalog/tovary-i-korma-dlya-sobak/korm_sukhoy_dlya_sobak/
1st Choice;1st-choice;korm_sukhoy_dlya_sobak;/catalog/tovary-i-korma-dlya-sobak/korm_sukhoy_dlya_sobak/1st-choice/
Ajo;ajo_1;korm_sukhoy_dlya_sobak;/catalog/tovary-i-korma-dlya-sobak/korm_sukhoy_dlya_sobak/ajo_1/
All Dogs;all-dogs;korm_sukhoy_dlya_sobak;/catalog/tovary-i-korma-dlya-sobak/korm_sukhoy_dlya_sobak/all-dogs/
Almo Nature;almo-nature;korm_sukhoy_dlya_sobak;/catalog/tovary-i-korma-dlya-sobak/korm_sukhoy_dlya_sobak/almo-nature/
Alphapet;alphapet_1;korm_sukhoy_dlya_sobak;/catalog/tovary-i-korma-dlya-sobak/korm_sukhoy_dlya_sobak/alphapet_1/
Barking Heads;barking-heads;korm_sukhoy_dlya_sobak;/catalog/tovary-i-korma-dlya-sobak/korm_sukhoy_dlya_sobak/barking-heads/
Взрослые;vzroslye;barking-heads;/catalog/tovary-i-korma-dlya-sobak/korm_sukhoy_dlya_sobak/barking-heads/vzroslye/
Пожилые;pozhilye;barking-heads;/catalog/tovary-i-korma-dlya-sobak/korm_sukhoy_dlya_sobak/barking-heads/pozhilye/
Щенки;shchenki;barking-heads;/catalog/tovary-i-korma-dlya-sobak/korm_sukhoy_dlya_sobak/barking-heads/shchenki/
Belcando;belcando;korm_sukhoy_dlya_sobak;/catalog/tovary-i-korma-dlya-sobak/korm_sukhoy_dlya_sobak/belcando/
Взрослые;vzroslye;belcando;/catalog/tovary-i-korma-dlya-sobak/korm_sukhoy_dlya_sobak/belcando/vzroslye/
Пожилые;pozhilye;belcando;/catalog/tovary-i-korma-dlya-sobak/korm_sukhoy_dlya_sobak/belcando/pozhilye/
Щенки;shchenki;belcando;/catalog/tovary-i-korma-dlya-sobak/korm_sukhoy_dlya_sobak/belcando/shchenki/
Best Dinner;best-dinner_2;korm_sukhoy_dlya_sobak;/catalog/tovary-i-korma-dlya-sobak/korm_sukhoy_dlya_sobak/best-dinner_2/
Bewi Dog;bewi-dog;korm_sukhoy_dlya_sobak;/catalog/tovary-i-korma-dlya-sobak/korm_sukhoy_dlya_sobak/bewi-dog/
Blitz;blitz;korm_sukhoy_dlya_sobak;/catalog/tovary-i-korma-dlya-sobak/korm_sukhoy_dlya_sobak/blitz/
Bon Appetit;bon-appetit;korm_sukhoy_dlya_sobak;/catalog/tovary-i-korma-dlya-sobak/korm_sukhoy_dlya_sobak/bon-appetit/
BrooksField;brooksfield_1;korm_sukhoy_dlya_sobak;/catalog/tovary-i-korma-dlya-sobak/korm_sukhoy_dlya_sobak/brooksfield_1/
Chappi;chappi;korm_sukhoy_dlya_sobak;/catalog/tovary-i-korma-dlya-sobak/korm_sukhoy_dlya_sobak/chappi/
Cibau;cibau;korm_sukhoy_dlya_sobak;/catalog/tovary-i-korma-dlya-sobak/korm_sukhoy_dlya_sobak/cibau/
Clan;clan_4;korm_sukhoy_dlya_sobak;/catalog/tovary-i-korma-dlya-sobak/korm_sukhoy_dlya_sobak/clan_4/
Clan Family;clan-family_1;korm_sukhoy_dlya_sobak;/catalog/tovary-i-korma-dlya-sobak/korm_sukhoy_dlya_sobak/clan-family_1/
Crave;crave_1;korm_sukhoy_dlya_sobak;/catalog/tovary-i-korma-dlya-sobak/korm_sukhoy_dlya_sobak/crave_1/
Crockex;crockex;korm_sukhoy_dlya_sobak;/catalog/tovary-i-korma-dlya-sobak/korm_sukhoy_dlya_sobak/crockex/
Dogs Menu;dogs-menu_1;korm_sukhoy_dlya_sobak;/catalog/tovary-i-korma-dlya-sobak/korm_sukhoy_dlya_sobak/dogs-menu_1/
Dr.Clauders;dr-clauders;korm_sukhoy_dlya_sobak;/catalog/tovary-i-korma-dlya-sobak/korm_sukhoy_dlya_sobak/dr-clauders/
Ecopet;ecopet;korm_sukhoy_dlya_sobak;/catalog/tovary-i-korma-dlya-sobak/korm_sukhoy_dlya_sobak/ecopet/
Elato;elato_1;korm_sukhoy_dlya_sobak;/catalog/tovary-i-korma-dlya-sobak/korm_sukhoy_dlya_sobak/elato_1/
Eukanuba;eukanuba_4;korm_sukhoy_dlya_sobak;/catalog/tovary-i-korma-dlya-sobak/korm_sukhoy_dlya_sobak/eukanuba_4/
Farmina;farmina;korm_sukhoy_dlya_sobak;/catalog/tovary-i-korma-dlya-sobak/korm_sukhoy_dlya_sobak/farmina/
С киноа;s-kinoa_1;farmina;/catalog/tovary-i-korma-dlya-sobak/korm_sukhoy_dlya_sobak/farmina/s-kinoa_1/
С тыквой;s-tykvoy;farmina;/catalog/tovary-i-korma-dlya-sobak/korm_sukhoy_dlya_sobak/farmina/s-tykvoy/
Беззерновой;bezzernovoy;farmina;/catalog/tovary-i-korma-dlya-sobak/korm_sukhoy_dlya_sobak/farmina/bezzernovoy/
Низкозерновой;nizkozernovoy;farmina;/catalog/tovary-i-korma-dlya-sobak/korm_sukhoy_dlya_sobak/farmina/nizkozernovoy/
Fun Dog;fun-dog;korm_sukhoy_dlya_sobak;/catalog/tovary-i-korma-dlya-sobak/korm_sukhoy_dlya_sobak/fun-dog/
Gina;gina;korm_sukhoy_dlya_sobak;/catalog/tovary-i-korma-dlya-sobak/korm_sukhoy_dlya_sobak/gina/
Glance;glance;korm_sukhoy_dlya_sobak;/catalog/tovary-i-korma-dlya-sobak/korm_sukhoy_dlya_sobak/glance/
GO!;go;korm_sukhoy_dlya_sobak;/catalog/tovary-i-korma-dlya-sobak/korm_sukhoy_dlya_sobak/go/
Grand Prix;grand-prix;korm_sukhoy_dlya_sobak;/catalog/tovary-i-korma-dlya-sobak/korm_sukhoy_dlya_sobak/grand-prix/
Happy Dog;happy-dog;korm_sukhoy_dlya_sobak;/catalog/tovary-i-korma-dlya-sobak/korm_sukhoy_dlya_sobak/happy-dog/
Natur Croq;natur-croq;happy-dog;/catalog/tovary-i-korma-dlya-sobak/korm_sukhoy_dlya_sobak/happy-dog/natur-croq/
Profi-Line;profi-line;happy-dog;/catalog/tovary-i-korma-dlya-sobak/korm_sukhoy_dlya_sobak/happy-dog/profi-line/
Взрослые;vzroslye;happy-dog;/catalog/tovary-i-korma-dlya-sobak/korm_sukhoy_dlya_sobak/happy-dog/vzroslye/
Пожилые;pozhilye;happy-dog;/catalog/tovary-i-korma-dlya-sobak/korm_sukhoy_dlya_sobak/happy-dog/pozhilye/
Щенки;shchenki;happy-dog;/catalog/tovary-i-korma-dlya-sobak/korm_sukhoy_dlya_sobak/happy-dog/shchenki/
Hills;hills;korm_sukhoy_dlya_sobak;/catalog/tovary-i-korma-dlya-sobak/korm_sukhoy_dlya_sobak/hills/
Взрослые;vzroslye;hills;/catalog/tovary-i-korma-dlya-sobak/korm_sukhoy_dlya_sobak/hills/vzroslye/
Пожилые;pozhilye;hills;/catalog/tovary-i-korma-dlya-sobak/korm_sukhoy_dlya_sobak/hills/pozhilye/
Щенки;shchenki;hills;/catalog/tovary-i-korma-dlya-sobak/korm_sukhoy_dlya_sobak/hills/shchenki/
Karmy;karmy_1;korm_sukhoy_dlya_sobak;/catalog/tovary-i-korma-dlya-sobak/korm_sukhoy_dlya_sobak/karmy_1/
Leo&Lucy;leo-lucy_3;korm_sukhoy_dlya_sobak;/catalog/tovary-i-korma-dlya-sobak/korm_sukhoy_dlya_sobak/leo-lucy_3/
Meglium;meglium;korm_sukhoy_dlya_sobak;/catalog/tovary-i-korma-dlya-sobak/korm_sukhoy_dlya_sobak/meglium/
Morando;morando_3;korm_sukhoy_dlya_sobak;/catalog/tovary-i-korma-dlya-sobak/korm_sukhoy_dlya_sobak/morando_3/
Mr.Buffalo;mr-buffalo_1;korm_sukhoy_dlya_sobak;/catalog/tovary-i-korma-dlya-sobak/korm_sukhoy_dlya_sobak/mr-buffalo_1/
Myfood;myfood_1;korm_sukhoy_dlya_sobak;/catalog/tovary-i-korma-dlya-sobak/korm_sukhoy_dlya_sobak/myfood_1/
Mystic;mystic_1;korm_sukhoy_dlya_sobak;/catalog/tovary-i-korma-dlya-sobak/korm_sukhoy_dlya_sobak/mystic_1/
Nature`s Table;nature-s-table_2;korm_sukhoy_dlya_sobak;/catalog/tovary-i-korma-dlya-sobak/korm_sukhoy_dlya_sobak/nature-s-table_2/
Nero Gold;nero-gold_1;korm_sukhoy_dlya_sobak;/catalog/tovary-i-korma-dlya-sobak/korm_sukhoy_dlya_sobak/nero-gold_1/
Nutro;nutro_3;korm_sukhoy_dlya_sobak;/catalog/tovary-i-korma-dlya-sobak/korm_sukhoy_dlya_sobak/nutro_3/
Organix;organix_4;korm_sukhoy_dlya_sobak;/catalog/tovary-i-korma-dlya-sobak/korm_sukhoy_dlya_sobak/organix_4/
Pawpaw;pawpaw_1;korm_sukhoy_dlya_sobak;/catalog/tovary-i-korma-dlya-sobak/korm_sukhoy_dlya_sobak/pawpaw_1/
Pedigree;pedigree;korm_sukhoy_dlya_sobak;/catalog/tovary-i-korma-dlya-sobak/korm_sukhoy_dlya_sobak/pedigree/
Denta Sticx;denta-sticx;pedigree;/catalog/tovary-i-korma-dlya-sobak/korm_sukhoy_dlya_sobak/pedigree/denta-sticx/
Взрослые;vzroslye;pedigree;/catalog/tovary-i-korma-dlya-sobak/korm_sukhoy_dlya_sobak/pedigree/vzroslye/
Щенки;shchenki;pedigree;/catalog/tovary-i-korma-dlya-sobak/korm_sukhoy_dlya_sobak/pedigree/shchenki/
Perfect Fit;perfect-fit;korm_sukhoy_dlya_sobak;/catalog/tovary-i-korma-dlya-sobak/korm_sukhoy_dlya_sobak/perfect-fit/
Primordial;primordial;korm_sukhoy_dlya_sobak;/catalog/tovary-i-korma-dlya-sobak/korm_sukhoy_dlya_sobak/primordial/
Pro Pac;pro-pac;korm_sukhoy_dlya_sobak;/catalog/tovary-i-korma-dlya-sobak/korm_sukhoy_dlya_sobak/pro-pac/
Взрослые;vzroslye;pro-pac;/catalog/tovary-i-korma-dlya-sobak/korm_sukhoy_dlya_sobak/pro-pac/vzroslye/
Пожилые;pozhilye;pro-pac;/catalog/tovary-i-korma-dlya-sobak/korm_sukhoy_dlya_sobak/pro-pac/pozhilye/
Щенки;shchenki;pro-pac;/catalog/tovary-i-korma-dlya-sobak/korm_sukhoy_dlya_sobak/pro-pac/shchenki/
Pro Plan;pro-plan;korm_sukhoy_dlya_sobak;/catalog/tovary-i-korma-dlya-sobak/korm_sukhoy_dlya_sobak/pro-plan/
Взрослые;vzroslye;pro-plan;/catalog/tovary-i-korma-dlya-sobak/korm_sukhoy_dlya_sobak/pro-plan/vzroslye/
Пожилые;pozhilye;pro-plan;/catalog/tovary-i-korma-dlya-sobak/korm_sukhoy_dlya_sobak/pro-plan/pozhilye/
Щенки;shchenki;pro-plan;/catalog/tovary-i-korma-dlya-sobak/korm_sukhoy_dlya_sobak/pro-plan/shchenki/
ProBalance;probalance_1;korm_sukhoy_dlya_sobak;/catalog/tovary-i-korma-dlya-sobak/korm_sukhoy_dlya_sobak/probalance_1/
Pronature;pronature;korm_sukhoy_dlya_sobak;/catalog/tovary-i-korma-dlya-sobak/korm_sukhoy_dlya_sobak/pronature/
Взрослые;vzroslye;pronature;/catalog/tovary-i-korma-dlya-sobak/korm_sukhoy_dlya_sobak/pronature/vzroslye/
Пожилые;pozhilye;pronature;/catalog/tovary-i-korma-dlya-sobak/korm_sukhoy_dlya_sobak/pronature/pozhilye/
Холистик;kholistik;pronature;/catalog/tovary-i-korma-dlya-sobak/korm_sukhoy_dlya_sobak/pronature/kholistik/
Щенки;shchenki;pronature;/catalog/tovary-i-korma-dlya-sobak/korm_sukhoy_dlya_sobak/pronature/shchenki/
Puffins;puffins;korm_sukhoy_dlya_sobak;/catalog/tovary-i-korma-dlya-sobak/korm_sukhoy_dlya_sobak/puffins/
Purina One;purina-one_1;korm_sukhoy_dlya_sobak;/catalog/tovary-i-korma-dlya-sobak/korm_sukhoy_dlya_sobak/purina-one_1/
Royal Canin;royal-canin;korm_sukhoy_dlya_sobak;/catalog/tovary-i-korma-dlya-sobak/korm_sukhoy_dlya_sobak/royal-canin/
Для взрослых собак;dlya-vzroslykh-sobak;royal-canin;/catalog/tovary-i-korma-dlya-sobak/korm_sukhoy_dlya_sobak/royal-canin/dlya-vzroslykh-sobak/
Giant;giant;dlya-vzroslykh-sobak;/catalog/tovary-i-korma-dlya-sobak/korm_sukhoy_dlya_sobak/royal-canin/dlya-vzroslykh-sobak/giant/
Maxi;maxi;dlya-vzroslykh-sobak;/catalog/tovary-i-korma-dlya-sobak/korm_sukhoy_dlya_sobak/royal-canin/dlya-vzroslykh-sobak/maxi/
Medium;medium;dlya-vzroslykh-sobak;/catalog/tovary-i-korma-dlya-sobak/korm_sukhoy_dlya_sobak/royal-canin/dlya-vzroslykh-sobak/medium/
Mini;mini;dlya-vzroslykh-sobak;/catalog/tovary-i-korma-dlya-sobak/korm_sukhoy_dlya_sobak/royal-canin/dlya-vzroslykh-sobak/mini/
Отдельные породы;otdelnye-porody;dlya-vzroslykh-sobak;/catalog/tovary-i-korma-dlya-sobak/korm_sukhoy_dlya_sobak/royal-canin/dlya-vzroslykh-sobak/otdelnye-porody/
Пожилые;pozhilye;royal-canin;/catalog/tovary-i-korma-dlya-sobak/korm_sukhoy_dlya_sobak/royal-canin/pozhilye/
Щенки;shchenki;royal-canin;/catalog/tovary-i-korma-dlya-sobak/korm_sukhoy_dlya_sobak/royal-canin/shchenki/
Giant;giant;shchenki;/catalog/tovary-i-korma-dlya-sobak/korm_sukhoy_dlya_sobak/royal-canin/shchenki/giant/
Maxi;maxi;shchenki;/catalog/tovary-i-korma-dlya-sobak/korm_sukhoy_dlya_sobak/royal-canin/shchenki/maxi/
Medium;medium;shchenki;/catalog/tovary-i-korma-dlya-sobak/korm_sukhoy_dlya_sobak/royal-canin/shchenki/medium/
Mini;mini;shchenki;/catalog/tovary-i-korma-dlya-sobak/korm_sukhoy_dlya_sobak/royal-canin/shchenki/mini/
Молоко;moloko;shchenki;/catalog/tovary-i-korma-dlya-sobak/korm_sukhoy_dlya_sobak/royal-canin/shchenki/moloko/
Отдельные породы;otdelnye-porody;shchenki;/catalog/tovary-i-korma-dlya-sobak/korm_sukhoy_dlya_sobak/royal-canin/shchenki/otdelnye-porody/
Акции Royal Canin;aktsii-royal-canin;royal-canin;/catalog/tovary-i-korma-dlya-sobak/korm_sukhoy_dlya_sobak/royal-canin/aktsii-royal-canin/
Sirius;sirius_1;korm_sukhoy_dlya_sobak;/catalog/tovary-i-korma-dlya-sobak/korm_sukhoy_dlya_sobak/sirius_1/
Smart Dog;smart-dog;korm_sukhoy_dlya_sobak;/catalog/tovary-i-korma-dlya-sobak/korm_sukhoy_dlya_sobak/smart-dog/
Takk;takk_1;korm_sukhoy_dlya_sobak;/catalog/tovary-i-korma-dlya-sobak/korm_sukhoy_dlya_sobak/takk_1/
Tasty;tasty_2;korm_sukhoy_dlya_sobak;/catalog/tovary-i-korma-dlya-sobak/korm_sukhoy_dlya_sobak/tasty_2/
Trainer;trainer_1;korm_sukhoy_dlya_sobak;/catalog/tovary-i-korma-dlya-sobak/korm_sukhoy_dlya_sobak/trainer_1/
Vivere;vivere;korm_sukhoy_dlya_sobak;/catalog/tovary-i-korma-dlya-sobak/korm_sukhoy_dlya_sobak/vivere/
Wildy;wildy_1;korm_sukhoy_dlya_sobak;/catalog/tovary-i-korma-dlya-sobak/korm_sukhoy_dlya_sobak/wildy_1/
Zillii;zillii_2;korm_sukhoy_dlya_sobak;/catalog/tovary-i-korma-dlya-sobak/korm_sukhoy_dlya_sobak/zillii_2/
Верные друзья;vernye-druzya;korm_sukhoy_dlya_sobak;/catalog/tovary-i-korma-dlya-sobak/korm_sukhoy_dlya_sobak/vernye-druzya/
Для Самых Преданных;dlya-samykh-predannykh_1;korm_sukhoy_dlya_sobak;/catalog/tovary-i-korma-dlya-sobak/korm_sukhoy_dlya_sobak/dlya-samykh-predannykh_1/
Дог Ланч;dog-lanch_1;korm_sukhoy_dlya_sobak;/catalog/tovary-i-korma-dlya-sobak/korm_sukhoy_dlya_sobak/dog-lanch_1/
Зоогурман;zoogurman_2;korm_sukhoy_dlya_sobak;/catalog/tovary-i-korma-dlya-sobak/korm_sukhoy_dlya_sobak/zoogurman_2/
Мираторг-Winner;miratorg-winner_1;korm_sukhoy_dlya_sobak;/catalog/tovary-i-korma-dlya-sobak/korm_sukhoy_dlya_sobak/miratorg-winner_1/
Наш рацион;nash-ratsion;korm_sukhoy_dlya_sobak;/catalog/tovary-i-korma-dlya-sobak/korm_sukhoy_dlya_sobak/nash-ratsion/
Наша марка;nasha-marka;korm_sukhoy_dlya_sobak;/catalog/tovary-i-korma-dlya-sobak/korm_sukhoy_dlya_sobak/nasha-marka/
Оскар;oskar;korm_sukhoy_dlya_sobak;/catalog/tovary-i-korma-dlya-sobak/korm_sukhoy_dlya_sobak/oskar/
Прохвост;prokhvost_3;korm_sukhoy_dlya_sobak;/catalog/tovary-i-korma-dlya-sobak/korm_sukhoy_dlya_sobak/prokhvost_3/
Родные корма;rodnye-korma;korm_sukhoy_dlya_sobak;/catalog/tovary-i-korma-dlya-sobak/korm_sukhoy_dlya_sobak/rodnye-korma/
Терагав;teragav_1;korm_sukhoy_dlya_sobak;/catalog/tovary-i-korma-dlya-sobak/korm_sukhoy_dlya_sobak/teragav_1/
ТитБит;titbit_4;korm_sukhoy_dlya_sobak;/catalog/tovary-i-korma-dlya-sobak/korm_sukhoy_dlya_sobak/titbit_4/
Трапеза;trapeza;korm_sukhoy_dlya_sobak;/catalog/tovary-i-korma-dlya-sobak/korm_sukhoy_dlya_sobak/trapeza/
Фаворит;favorit;korm_sukhoy_dlya_sobak;/catalog/tovary-i-korma-dlya-sobak/korm_sukhoy_dlya_sobak/favorit/
Флорида;florida_1;korm_sukhoy_dlya_sobak;/catalog/tovary-i-korma-dlya-sobak/korm_sukhoy_dlya_sobak/florida_1/
Четвероногий гурман;chetveronogiy-gurman;korm_sukhoy_dlya_sobak;/catalog/tovary-i-korma-dlya-sobak/korm_sukhoy_dlya_sobak/chetveronogiy-gurman/
Эккорм;ekkorm;korm_sukhoy_dlya_sobak;/catalog/tovary-i-korma-dlya-sobak/korm_sukhoy_dlya_sobak/ekkorm/
Корм влажный для собак;korm_vlazhnyy_dlya_sobak;tovary-i-korma-dlya-sobak;/catalog/tovary-i-korma-dlya-sobak/korm_vlazhnyy_dlya_sobak/
All Dogs;all-dogs_1;korm_vlazhnyy_dlya_sobak;/catalog/tovary-i-korma-dlya-sobak/korm_vlazhnyy_dlya_sobak/all-dogs_1/
Almo Nature;almo-nature;korm_vlazhnyy_dlya_sobak;/catalog/tovary-i-korma-dlya-sobak/korm_vlazhnyy_dlya_sobak/almo-nature/
HFC;hfc_1;almo-nature;/catalog/tovary-i-korma-dlya-sobak/korm_vlazhnyy_dlya_sobak/almo-nature/hfc_1/
Holistic;holistic_1;almo-nature;/catalog/tovary-i-korma-dlya-sobak/korm_vlazhnyy_dlya_sobak/almo-nature/holistic_1/
Classic;classic;almo-nature;/catalog/tovary-i-korma-dlya-sobak/korm_vlazhnyy_dlya_sobak/almo-nature/classic/
Daily Menu;daily-menu;almo-nature;/catalog/tovary-i-korma-dlya-sobak/korm_vlazhnyy_dlya_sobak/almo-nature/daily-menu/
Animonda;animonda;korm_vlazhnyy_dlya_sobak;/catalog/tovary-i-korma-dlya-sobak/korm_vlazhnyy_dlya_sobak/animonda/
Belcando;belcando;korm_vlazhnyy_dlya_sobak;/catalog/tovary-i-korma-dlya-sobak/korm_vlazhnyy_dlya_sobak/belcando/
Berkley;berkley;korm_vlazhnyy_dlya_sobak;/catalog/tovary-i-korma-dlya-sobak/korm_vlazhnyy_dlya_sobak/berkley/
Big Dog;big-dog;korm_vlazhnyy_dlya_sobak;/catalog/tovary-i-korma-dlya-sobak/korm_vlazhnyy_dlya_sobak/big-dog/
BioMenu;biomenu;korm_vlazhnyy_dlya_sobak;/catalog/tovary-i-korma-dlya-sobak/korm_vlazhnyy_dlya_sobak/biomenu/
Blitz;blitz_2;korm_vlazhnyy_dlya_sobak;/catalog/tovary-i-korma-dlya-sobak/korm_vlazhnyy_dlya_sobak/blitz_2/
Cesar;cesar;korm_vlazhnyy_dlya_sobak;/catalog/tovary-i-korma-dlya-sobak/korm_vlazhnyy_dlya_sobak/cesar/
Chappi;chappi;korm_vlazhnyy_dlya_sobak;/catalog/tovary-i-korma-dlya-sobak/korm_vlazhnyy_dlya_sobak/chappi/
Clan Family;clan-family;korm_vlazhnyy_dlya_sobak;/catalog/tovary-i-korma-dlya-sobak/korm_vlazhnyy_dlya_sobak/clan-family/
Crave;crave_3;korm_vlazhnyy_dlya_sobak;/catalog/tovary-i-korma-dlya-sobak/korm_vlazhnyy_dlya_sobak/crave_3/
Dogs Menu;dogs-menu;korm_vlazhnyy_dlya_sobak;/catalog/tovary-i-korma-dlya-sobak/korm_vlazhnyy_dlya_sobak/dogs-menu/
Dr. Alder`s;dr-alder-s;korm_vlazhnyy_dlya_sobak;/catalog/tovary-i-korma-dlya-sobak/korm_vlazhnyy_dlya_sobak/dr-alder-s/
Eukanuba;eukanuba_3;korm_vlazhnyy_dlya_sobak;/catalog/tovary-i-korma-dlya-sobak/korm_vlazhnyy_dlya_sobak/eukanuba_3/
Farmina;farmina_2;korm_vlazhnyy_dlya_sobak;/catalog/tovary-i-korma-dlya-sobak/korm_vlazhnyy_dlya_sobak/farmina_2/
Grand Prix;grand-prix_3;korm_vlazhnyy_dlya_sobak;/catalog/tovary-i-korma-dlya-sobak/korm_vlazhnyy_dlya_sobak/grand-prix_3/
Happy Dog;happy-dog;korm_vlazhnyy_dlya_sobak;/catalog/tovary-i-korma-dlya-sobak/korm_vlazhnyy_dlya_sobak/happy-dog/
Hill`s;hill-s;korm_vlazhnyy_dlya_sobak;/catalog/tovary-i-korma-dlya-sobak/korm_vlazhnyy_dlya_sobak/hill-s/
Leo&Lucy;leo-lucy_2;korm_vlazhnyy_dlya_sobak;/catalog/tovary-i-korma-dlya-sobak/korm_vlazhnyy_dlya_sobak/leo-lucy_2/
Morando;morando_2;korm_vlazhnyy_dlya_sobak;/catalog/tovary-i-korma-dlya-sobak/korm_vlazhnyy_dlya_sobak/morando_2/
Nuh;nuh_1;korm_vlazhnyy_dlya_sobak;/catalog/tovary-i-korma-dlya-sobak/korm_vlazhnyy_dlya_sobak/nuh_1/
Nutro;nutro_2;korm_vlazhnyy_dlya_sobak;/catalog/tovary-i-korma-dlya-sobak/korm_vlazhnyy_dlya_sobak/nutro_2/
Organix;organix_3;korm_vlazhnyy_dlya_sobak;/catalog/tovary-i-korma-dlya-sobak/korm_vlazhnyy_dlya_sobak/organix_3/
Pedigree;pedigree;korm_vlazhnyy_dlya_sobak;/catalog/tovary-i-korma-dlya-sobak/korm_vlazhnyy_dlya_sobak/pedigree/
Prime;prime_1;korm_vlazhnyy_dlya_sobak;/catalog/tovary-i-korma-dlya-sobak/korm_vlazhnyy_dlya_sobak/prime_1/
Pro Plan;pro-plan_1;korm_vlazhnyy_dlya_sobak;/catalog/tovary-i-korma-dlya-sobak/korm_vlazhnyy_dlya_sobak/pro-plan_1/
ProBalance;probalance_2;korm_vlazhnyy_dlya_sobak;/catalog/tovary-i-korma-dlya-sobak/korm_vlazhnyy_dlya_sobak/probalance_2/
ProLapa;prolapa_1;korm_vlazhnyy_dlya_sobak;/catalog/tovary-i-korma-dlya-sobak/korm_vlazhnyy_dlya_sobak/prolapa_1/
Purina One;purina-one;korm_vlazhnyy_dlya_sobak;/catalog/tovary-i-korma-dlya-sobak/korm_vlazhnyy_dlya_sobak/purina-one/
Royal Canin;royal-canin;korm_vlazhnyy_dlya_sobak;/catalog/tovary-i-korma-dlya-sobak/korm_vlazhnyy_dlya_sobak/royal-canin/
Schesir;schesir;korm_vlazhnyy_dlya_sobak;/catalog/tovary-i-korma-dlya-sobak/korm_vlazhnyy_dlya_sobak/schesir/
Solid Natura;solid-natura;korm_vlazhnyy_dlya_sobak;/catalog/tovary-i-korma-dlya-sobak/korm_vlazhnyy_dlya_sobak/solid-natura/
Trainer;trainer_2;korm_vlazhnyy_dlya_sobak;/catalog/tovary-i-korma-dlya-sobak/korm_vlazhnyy_dlya_sobak/trainer_2/
Vita Pro;vita-pro;korm_vlazhnyy_dlya_sobak;/catalog/tovary-i-korma-dlya-sobak/korm_vlazhnyy_dlya_sobak/vita-pro/
VitAnimals;vitanimals;korm_vlazhnyy_dlya_sobak;/catalog/tovary-i-korma-dlya-sobak/korm_vlazhnyy_dlya_sobak/vitanimals/
Winner;winner_3;korm_vlazhnyy_dlya_sobak;/catalog/tovary-i-korma-dlya-sobak/korm_vlazhnyy_dlya_sobak/winner_3/
Верные друзья;vernye-druzya;korm_vlazhnyy_dlya_sobak;/catalog/tovary-i-korma-dlya-sobak/korm_vlazhnyy_dlya_sobak/vernye-druzya/
Деревенские лакомства;derevenskie-lakomstva;korm_vlazhnyy_dlya_sobak;/catalog/tovary-i-korma-dlya-sobak/korm_vlazhnyy_dlya_sobak/derevenskie-lakomstva/
Дог Ланч;dog-lanch;korm_vlazhnyy_dlya_sobak;/catalog/tovary-i-korma-dlya-sobak/korm_vlazhnyy_dlya_sobak/dog-lanch/
ЕмБезПроблем;embezproblem;korm_vlazhnyy_dlya_sobak;/catalog/tovary-i-korma-dlya-sobak/korm_vlazhnyy_dlya_sobak/embezproblem/
Зоогурман;zoogurman;korm_vlazhnyy_dlya_sobak;/catalog/tovary-i-korma-dlya-sobak/korm_vlazhnyy_dlya_sobak/zoogurman/
Натуральная Формула;naturalnaya-formula;korm_vlazhnyy_dlya_sobak;/catalog/tovary-i-korma-dlya-sobak/korm_vlazhnyy_dlya_sobak/naturalnaya-formula/
Наша марка;nasha-marka;korm_vlazhnyy_dlya_sobak;/catalog/tovary-i-korma-dlya-sobak/korm_vlazhnyy_dlya_sobak/nasha-marka/
Оскар;oskar;korm_vlazhnyy_dlya_sobak;/catalog/tovary-i-korma-dlya-sobak/korm_vlazhnyy_dlya_sobak/oskar/
Погрызухин;pogryzukhin_1;korm_vlazhnyy_dlya_sobak;/catalog/tovary-i-korma-dlya-sobak/korm_vlazhnyy_dlya_sobak/pogryzukhin_1/
Прохвост;prokhvost_2;korm_vlazhnyy_dlya_sobak;/catalog/tovary-i-korma-dlya-sobak/korm_vlazhnyy_dlya_sobak/prokhvost_2/
Родные корма;rodnye-korma;korm_vlazhnyy_dlya_sobak;/catalog/tovary-i-korma-dlya-sobak/korm_vlazhnyy_dlya_sobak/rodnye-korma/
Собачье Счастье;sobache-schaste;korm_vlazhnyy_dlya_sobak;/catalog/tovary-i-korma-dlya-sobak/korm_vlazhnyy_dlya_sobak/sobache-schaste/
ТитБит;titbit_3;korm_vlazhnyy_dlya_sobak;/catalog/tovary-i-korma-dlya-sobak/korm_vlazhnyy_dlya_sobak/titbit_3/
Трапеза;trapeza;korm_vlazhnyy_dlya_sobak;/catalog/tovary-i-korma-dlya-sobak/korm_vlazhnyy_dlya_sobak/trapeza/
Четвероногий гурман;chetveronogiy-gurman;korm_vlazhnyy_dlya_sobak;/catalog/tovary-i-korma-dlya-sobak/korm_vlazhnyy_dlya_sobak/chetveronogiy-gurman/
Petibon;petibon_1;chetveronogiy-gurman;/catalog/tovary-i-korma-dlya-sobak/korm_vlazhnyy_dlya_sobak/chetveronogiy-gurman/petibon_1/
Готовый обед;gotovyy-obed;chetveronogiy-gurman;/catalog/tovary-i-korma-dlya-sobak/korm_vlazhnyy_dlya_sobak/chetveronogiy-gurman/gotovyy-obed/
Золотая линия;zolotaya-liniya;chetveronogiy-gurman;/catalog/tovary-i-korma-dlya-sobak/korm_vlazhnyy_dlya_sobak/chetveronogiy-gurman/zolotaya-liniya/
Мясное ассорти;myasnoe-assorti;chetveronogiy-gurman;/catalog/tovary-i-korma-dlya-sobak/korm_vlazhnyy_dlya_sobak/chetveronogiy-gurman/myasnoe-assorti/
Мясной рацион;myasnoy-ratsion;chetveronogiy-gurman;/catalog/tovary-i-korma-dlya-sobak/korm_vlazhnyy_dlya_sobak/chetveronogiy-gurman/myasnoy-ratsion/
Платиновая линия;platinovaya-liniya;chetveronogiy-gurman;/catalog/tovary-i-korma-dlya-sobak/korm_vlazhnyy_dlya_sobak/chetveronogiy-gurman/platinovaya-liniya/
Серебрянная линия;serebryannaya-liniya;chetveronogiy-gurman;/catalog/tovary-i-korma-dlya-sobak/korm_vlazhnyy_dlya_sobak/chetveronogiy-gurman/serebryannaya-liniya/
Сосиски;sosiski;chetveronogiy-gurman;/catalog/tovary-i-korma-dlya-sobak/korm_vlazhnyy_dlya_sobak/chetveronogiy-gurman/sosiski/
Mr.Buffalo;mr-buffalo_3;korm_vlazhnyy_dlya_sobak;/catalog/tovary-i-korma-dlya-sobak/korm_vlazhnyy_dlya_sobak/mr-buffalo_3/
Корм лечебный для собак;korm_lechebnyy_dlya_sobak;tovary-i-korma-dlya-sobak;/catalog/tovary-i-korma-dlya-sobak/korm_lechebnyy_dlya_sobak/
Clan;clan_3;korm_lechebnyy_dlya_sobak;/catalog/tovary-i-korma-dlya-sobak/korm_lechebnyy_dlya_sobak/clan_3/
Farmina;farmina;korm_lechebnyy_dlya_sobak;/catalog/tovary-i-korma-dlya-sobak/korm_lechebnyy_dlya_sobak/farmina/
Hill`s;hill-s;korm_lechebnyy_dlya_sobak;/catalog/tovary-i-korma-dlya-sobak/korm_lechebnyy_dlya_sobak/hill-s/
Акция Hills;aktsiya-hills_4;hill-s;/catalog/tovary-i-korma-dlya-sobak/korm_lechebnyy_dlya_sobak/hill-s/aktsiya-hills_4/
Derm Complete;derm-complete;hill-s;/catalog/tovary-i-korma-dlya-sobak/korm_lechebnyy_dlya_sobak/hill-s/derm-complete/
Derm Defense;derm-defense;hill-s;/catalog/tovary-i-korma-dlya-sobak/korm_lechebnyy_dlya_sobak/hill-s/derm-defense/
Canine C/D;canine-c-d_1;hill-s;/catalog/tovary-i-korma-dlya-sobak/korm_lechebnyy_dlya_sobak/hill-s/canine-c-d_1/
Canine D/D;canine-d-d_1;hill-s;/catalog/tovary-i-korma-dlya-sobak/korm_lechebnyy_dlya_sobak/hill-s/canine-d-d_1/
Canine A/D;canine-a-d;hill-s;/catalog/tovary-i-korma-dlya-sobak/korm_lechebnyy_dlya_sobak/hill-s/canine-a-d/
Canine I/D;canine-i-d_1;hill-s;/catalog/tovary-i-korma-dlya-sobak/korm_lechebnyy_dlya_sobak/hill-s/canine-i-d_1/
Canine J/D;canine-j-d_1;hill-s;/catalog/tovary-i-korma-dlya-sobak/korm_lechebnyy_dlya_sobak/hill-s/canine-j-d_1/
Canine K/D;canine-k-d_1;hill-s;/catalog/tovary-i-korma-dlya-sobak/korm_lechebnyy_dlya_sobak/hill-s/canine-k-d_1/
Canine L/D;canine-l-d_1;hill-s;/catalog/tovary-i-korma-dlya-sobak/korm_lechebnyy_dlya_sobak/hill-s/canine-l-d_1/
Canine S/D;canine-s-d_1;hill-s;/catalog/tovary-i-korma-dlya-sobak/korm_lechebnyy_dlya_sobak/hill-s/canine-s-d_1/
Canine T/D;canine-t-d_1;hill-s;/catalog/tovary-i-korma-dlya-sobak/korm_lechebnyy_dlya_sobak/hill-s/canine-t-d_1/
Canine U/D;canine-u-d_1;hill-s;/catalog/tovary-i-korma-dlya-sobak/korm_lechebnyy_dlya_sobak/hill-s/canine-u-d_1/
Canine W/D;canine-w-d_1;hill-s;/catalog/tovary-i-korma-dlya-sobak/korm_lechebnyy_dlya_sobak/hill-s/canine-w-d_1/
Canine Z/D;canine-z-d_1;hill-s;/catalog/tovary-i-korma-dlya-sobak/korm_lechebnyy_dlya_sobak/hill-s/canine-z-d_1/
Metabolic;metabolic_2;hill-s;/catalog/tovary-i-korma-dlya-sobak/korm_lechebnyy_dlya_sobak/hill-s/metabolic_2/
Gastrointestinal;gastrointestinal_1;hill-s;/catalog/tovary-i-korma-dlya-sobak/korm_lechebnyy_dlya_sobak/hill-s/gastrointestinal_1/
Purina;purina;korm_lechebnyy_dlya_sobak;/catalog/tovary-i-korma-dlya-sobak/korm_lechebnyy_dlya_sobak/purina/
Royal Canin;royal-canin;korm_lechebnyy_dlya_sobak;/catalog/tovary-i-korma-dlya-sobak/korm_lechebnyy_dlya_sobak/royal-canin/
Winner;winner_5;korm_lechebnyy_dlya_sobak;/catalog/tovary-i-korma-dlya-sobak/korm_lechebnyy_dlya_sobak/winner_5/
Лакомства;lakomstva;tovary-i-korma-dlya-sobak;/catalog/tovary-i-korma-dlya-sobak/lakomstva/
Pro Plan;pro-plan;lakomstva;/catalog/tovary-i-korma-dlya-sobak/lakomstva/pro-plan/
AlpenHof;alpenhof;lakomstva;/catalog/tovary-i-korma-dlya-sobak/lakomstva/alpenhof/
Blitz;blitz_1;lakomstva;/catalog/tovary-i-korma-dlya-sobak/lakomstva/blitz_1/
Bosch;bosch;lakomstva;/catalog/tovary-i-korma-dlya-sobak/lakomstva/bosch/
DentaLife;dentalife;lakomstva;/catalog/tovary-i-korma-dlya-sobak/lakomstva/dentalife/
Dr.Alder`s;dr-alder-s;lakomstva;/catalog/tovary-i-korma-dlya-sobak/lakomstva/dr-alder-s/
Edel Dog;edel-dog;lakomstva;/catalog/tovary-i-korma-dlya-sobak/lakomstva/edel-dog/
Friskies;friskies_3;lakomstva;/catalog/tovary-i-korma-dlya-sobak/lakomstva/friskies_3/
Happy Dog;happy-dog;lakomstva;/catalog/tovary-i-korma-dlya-sobak/lakomstva/happy-dog/
Organic Chew;organic-chew;lakomstva;/catalog/tovary-i-korma-dlya-sobak/lakomstva/organic-chew/
Organix;organix;lakomstva;/catalog/tovary-i-korma-dlya-sobak/lakomstva/organix/
Orijen;orijen;lakomstva;/catalog/tovary-i-korma-dlya-sobak/lakomstva/orijen/
Pedigree;pedigree;lakomstva;/catalog/tovary-i-korma-dlya-sobak/lakomstva/pedigree/
Royal Canin;royal-canin;lakomstva;/catalog/tovary-i-korma-dlya-sobak/lakomstva/royal-canin/
TiTBiT;titbit;lakomstva;/catalog/tovary-i-korma-dlya-sobak/lakomstva/titbit/
Мясо;myaso;titbit;/catalog/tovary-i-korma-dlya-sobak/lakomstva/titbit/myaso/
DENT Снек;dent-snek;titbit;/catalog/tovary-i-korma-dlya-sobak/lakomstva/titbit/dent-snek/
Рыба;ryba;titbit;/catalog/tovary-i-korma-dlya-sobak/lakomstva/titbit/ryba/
Кролик;krolik;titbit;/catalog/tovary-i-korma-dlya-sobak/lakomstva/titbit/krolik/
Разные;raznye_1;titbit;/catalog/tovary-i-korma-dlya-sobak/lakomstva/titbit/raznye_1/
Утиные;utinye;titbit;/catalog/tovary-i-korma-dlya-sobak/lakomstva/titbit/utinye/
Баранина;baranina;titbit;/catalog/tovary-i-korma-dlya-sobak/lakomstva/titbit/baranina/
Говядина;govyadina;titbit;/catalog/tovary-i-korma-dlya-sobak/lakomstva/titbit/govyadina/
Индюшка;indyushka;titbit;/catalog/tovary-i-korma-dlya-sobak/lakomstva/titbit/indyushka/
Колбасы;kolbasy_1;titbit;/catalog/tovary-i-korma-dlya-sobak/lakomstva/titbit/kolbasy_1/
Курица;kuritsa;titbit;/catalog/tovary-i-korma-dlya-sobak/lakomstva/titbit/kuritsa/
Печенье;pechene_1;titbit;/catalog/tovary-i-korma-dlya-sobak/lakomstva/titbit/pechene_1/
Свиные;svinye_1;titbit;/catalog/tovary-i-korma-dlya-sobak/lakomstva/titbit/svinye_1/
Vitakraft;vitakraft;lakomstva;/catalog/tovary-i-korma-dlya-sobak/lakomstva/vitakraft/
Wanpy Dog;wanpy-dog;lakomstva;/catalog/tovary-i-korma-dlya-sobak/lakomstva/wanpy-dog/
Winner;winner;lakomstva;/catalog/tovary-i-korma-dlya-sobak/lakomstva/winner/
Грин Кьюзин;grin-kyuzin_1;lakomstva;/catalog/tovary-i-korma-dlya-sobak/lakomstva/grin-kyuzin_1/
Деревенcкие лакомства;derevenckie-lakomstva;lakomstva;/catalog/tovary-i-korma-dlya-sobak/lakomstva/derevenckie-lakomstva/
Зубочистики;zubochistiki;lakomstva;/catalog/tovary-i-korma-dlya-sobak/lakomstva/zubochistiki/
Мнямс;mnyams;lakomstva;/catalog/tovary-i-korma-dlya-sobak/lakomstva/mnyams/
Погрызухин;pogryzukhin;lakomstva;/catalog/tovary-i-korma-dlya-sobak/lakomstva/pogryzukhin/
Родные корма;rodnye-korma_2;lakomstva;/catalog/tovary-i-korma-dlya-sobak/lakomstva/rodnye-korma_2/
Аксессуары;aksessuary;tovary-i-korma-dlya-sobak;/catalog/tovary-i-korma-dlya-sobak/aksessuary/
Хранение корма;khranenie-korma;aksessuary;/catalog/tovary-i-korma-dlya-sobak/aksessuary/khranenie-korma/
Адресник;adresnik;aksessuary;/catalog/tovary-i-korma-dlya-sobak/aksessuary/adresnik/
Аксессуары для автомобилей;aksessuary-dlya-avtomobiley;aksessuary;/catalog/tovary-i-korma-dlya-sobak/aksessuary/aksessuary-dlya-avtomobiley/
Брелок мигающий;brelok-migayushchiy;aksessuary;/catalog/tovary-i-korma-dlya-sobak/aksessuary/brelok-migayushchiy/
Защитный воротник;zashchitnyy-vorotnik;aksessuary;/catalog/tovary-i-korma-dlya-sobak/aksessuary/zashchitnyy-vorotnik/
Клетка выставочная;kletka-vystavochnaya;aksessuary;/catalog/tovary-i-korma-dlya-sobak/aksessuary/kletka-vystavochnaya/
Кликер;kliker;aksessuary;/catalog/tovary-i-korma-dlya-sobak/aksessuary/kliker/
Кормуши/поилки;kormushi-poilki;aksessuary;/catalog/tovary-i-korma-dlya-sobak/aksessuary/kormushi-poilki/
Лежанки;lezhanki;aksessuary;/catalog/tovary-i-korma-dlya-sobak/aksessuary/lezhanki/
Fauna;fauna_1;lezhanki;/catalog/tovary-i-korma-dlya-sobak/aksessuary/lezhanki/fauna_1/
Дарэлл;darell_3;lezhanki;/catalog/tovary-i-korma-dlya-sobak/aksessuary/lezhanki/darell_3/
Родные места;rodnye-mesta;lezhanki;/catalog/tovary-i-korma-dlya-sobak/aksessuary/lezhanki/rodnye-mesta/
GiGwi;gigwi;lezhanki;/catalog/tovary-i-korma-dlya-sobak/aksessuary/lezhanki/gigwi/
Trixie;trixie;lezhanki;/catalog/tovary-i-korma-dlya-sobak/aksessuary/lezhanki/trixie/
Бобровый дворик;bobrovyy-dvorik;lezhanki;/catalog/tovary-i-korma-dlya-sobak/aksessuary/lezhanki/bobrovyy-dvorik/
Миски;miski;aksessuary;/catalog/tovary-i-korma-dlya-sobak/aksessuary/miski/
Nobby;nobby;miski;/catalog/tovary-i-korma-dlya-sobak/aksessuary/miski/nobby/
ANKUR;ankur;miski;/catalog/tovary-i-korma-dlya-sobak/aksessuary/miski/ankur/
Ferplast;ferplast;miski;/catalog/tovary-i-korma-dlya-sobak/aksessuary/miski/ferplast/
Georplast;georplast;miski;/catalog/tovary-i-korma-dlya-sobak/aksessuary/miski/georplast/
GiGwi;gigwi;miski;/catalog/tovary-i-korma-dlya-sobak/aksessuary/miski/gigwi/
Savic;savic;miski;/catalog/tovary-i-korma-dlya-sobak/aksessuary/miski/savic/
TRIOL;triol;miski;/catalog/tovary-i-korma-dlya-sobak/aksessuary/miski/triol/
Trixie;trixie;miski;/catalog/tovary-i-korma-dlya-sobak/aksessuary/miski/trixie/
USOND;usond;miski;/catalog/tovary-i-korma-dlya-sobak/aksessuary/miski/usond/
Коврик под миску;kovrik-pod-misku;miski;/catalog/tovary-i-korma-dlya-sobak/aksessuary/miski/kovrik-pod-misku/
Намордники;namordniki;aksessuary;/catalog/tovary-i-korma-dlya-sobak/aksessuary/namordniki/
Обувь;obuv;aksessuary;/catalog/tovary-i-korma-dlya-sobak/aksessuary/obuv/
Ошейники;osheyniki;aksessuary;/catalog/tovary-i-korma-dlya-sobak/aksessuary/osheyniki/
Мигающие;migayushchie;osheyniki;/catalog/tovary-i-korma-dlya-sobak/aksessuary/osheyniki/migayushchie/
Ошейники;osheyniki;osheyniki;/catalog/tovary-i-korma-dlya-sobak/aksessuary/osheyniki/osheyniki/
Светоотражающие;svetootrazhayushchie;osheyniki;/catalog/tovary-i-korma-dlya-sobak/aksessuary/osheyniki/svetootrazhayushchie/
Переноски и сумки;perenoski-i-sumki;aksessuary;/catalog/tovary-i-korma-dlya-sobak/aksessuary/perenoski-i-sumki/
Переноски;perenoski;perenoski-i-sumki;/catalog/tovary-i-korma-dlya-sobak/aksessuary/perenoski-i-sumki/perenoski/
Сумки;sumki;perenoski-i-sumki;/catalog/tovary-i-korma-dlya-sobak/aksessuary/perenoski-i-sumki/sumki/
Поводки;povodki;aksessuary;/catalog/tovary-i-korma-dlya-sobak/aksessuary/povodki/
Ринговки;ringovki;aksessuary;/catalog/tovary-i-korma-dlya-sobak/aksessuary/ringovki/
Рулетки;ruletki;aksessuary;/catalog/tovary-i-korma-dlya-sobak/aksessuary/ruletki/
Fida;fida;ruletki;/catalog/tovary-i-korma-dlya-sobak/aksessuary/ruletki/fida/
Flexi Classic;flexi-classic;ruletki;/catalog/tovary-i-korma-dlya-sobak/aksessuary/ruletki/flexi-classic/
Flexi Design;flexi-design;ruletki;/catalog/tovary-i-korma-dlya-sobak/aksessuary/ruletki/flexi-design/
Flexi Gigant;flexi-gigant;ruletki;/catalog/tovary-i-korma-dlya-sobak/aksessuary/ruletki/flexi-gigant/
Disney;disney;ruletki;/catalog/tovary-i-korma-dlya-sobak/aksessuary/ruletki/disney/
Flexi Vario;flexi-vario;ruletki;/catalog/tovary-i-korma-dlya-sobak/aksessuary/ruletki/flexi-vario/
Свисток;svistok;aksessuary;/catalog/tovary-i-korma-dlya-sobak/aksessuary/svistok/
Витамины;vitaminy_;tovary-i-korma-dlya-sobak;/catalog/tovary-i-korma-dlya-sobak/vitaminy_/
8 in 1;8-in-1;vitaminy_;/catalog/tovary-i-korma-dlya-sobak/vitaminy_/8-in-1/
Anivital;anivital;vitaminy_;/catalog/tovary-i-korma-dlya-sobak/vitaminy_/anivital/
Beaphar;beaphar;vitaminy_;/catalog/tovary-i-korma-dlya-sobak/vitaminy_/beaphar/
Gelacan;gelacan;vitaminy_;/catalog/tovary-i-korma-dlya-sobak/vitaminy_/gelacan/
Hokamix;hokamix;vitaminy_;/catalog/tovary-i-korma-dlya-sobak/vitaminy_/hokamix/
POLIDEX;polidex;vitaminy_;/catalog/tovary-i-korma-dlya-sobak/vitaminy_/polidex/
Sanal;sanal;vitaminy_;/catalog/tovary-i-korma-dlya-sobak/vitaminy_/sanal/
АВЗ;avz;vitaminy_;/catalog/tovary-i-korma-dlya-sobak/vitaminy_/avz/
Доктор Zoo;doktor-zoo;vitaminy_;/catalog/tovary-i-korma-dlya-sobak/vitaminy_/doktor-zoo/
Игрушки;igrushki;tovary-i-korma-dlya-sobak;/catalog/tovary-i-korma-dlya-sobak/igrushki/
Тяни-Толкай;tyani-tolkay;igrushki;/catalog/tovary-i-korma-dlya-sobak/igrushki/tyani-tolkay/
Животные;zhivotnye;igrushki;/catalog/tovary-i-korma-dlya-sobak/igrushki/zhivotnye/
Disney;disney;igrushki;/catalog/tovary-i-korma-dlya-sobak/igrushki/disney/
Fauna - разное;fauna-raznoe;igrushki;/catalog/tovary-i-korma-dlya-sobak/igrushki/fauna-raznoe/
Gigwi- разное;gigwi-raznoe;igrushki;/catalog/tovary-i-korma-dlya-sobak/igrushki/gigwi-raznoe/
NOBBY - разное;nobby-raznoe;igrushki;/catalog/tovary-i-korma-dlya-sobak/igrushki/nobby-raznoe/
Trixie-разное;trixie-raznoe;igrushki;/catalog/tovary-i-korma-dlya-sobak/igrushki/trixie-raznoe/
Аппорт;apport;igrushki;/catalog/tovary-i-korma-dlya-sobak/igrushki/apport/
Веревки;verevki;igrushki;/catalog/tovary-i-korma-dlya-sobak/igrushki/verevki/
Гантели;ganteli;igrushki;/catalog/tovary-i-korma-dlya-sobak/igrushki/ganteli/
Грейфер;greyfer;igrushki;/catalog/tovary-i-korma-dlya-sobak/igrushki/greyfer/
Диск;disk;igrushki;/catalog/tovary-i-korma-dlya-sobak/igrushki/disk/
Кольца;koltsa;igrushki;/catalog/tovary-i-korma-dlya-sobak/igrushki/koltsa/
Кости;kosti;igrushki;/catalog/tovary-i-korma-dlya-sobak/igrushki/kosti/
Мячи для собак;myachi-dlya-sobak;igrushki;/catalog/tovary-i-korma-dlya-sobak/igrushki/myachi-dlya-sobak/
Мон Теро Эко;mon-tero-eko_1;igrushki;/catalog/tovary-i-korma-dlya-sobak/igrushki/mon-tero-eko_1/
Косточки;kostochki;tovary-i-korma-dlya-sobak;/catalog/tovary-i-korma-dlya-sobak/kostochki/
TiTBiT;titbit_1;kostochki;/catalog/tovary-i-korma-dlya-sobak/kostochki/titbit_1/
TRIOL;triol;kostochki;/catalog/tovary-i-korma-dlya-sobak/kostochki/triol/
Зубочистики;zubochistiki;kostochki;/catalog/tovary-i-korma-dlya-sobak/kostochki/zubochistiki/
Предметы гигиены;predmety-gigieny;tovary-i-korma-dlya-sobak;/catalog/tovary-i-korma-dlya-sobak/predmety-gigieny/
Пеленки;pelenki;predmety-gigieny;/catalog/tovary-i-korma-dlya-sobak/predmety-gigieny/pelenki/
Подгузники;podguzniki;predmety-gigieny;/catalog/tovary-i-korma-dlya-sobak/predmety-gigieny/podguzniki/
Туалеты;tualety;predmety-gigieny;/catalog/tovary-i-korma-dlya-sobak/predmety-gigieny/tualety/
Предметы по уходу;predmety-po-ukhodu;tovary-i-korma-dlya-sobak;/catalog/tovary-i-korma-dlya-sobak/predmety-po-ukhodu/
Гигиенические пакеты для уборки;gigienicheskie-pakety-dlya-uborki;predmety-po-ukhodu;/catalog/tovary-i-korma-dlya-sobak/predmety-po-ukhodu/gigienicheskie-pakety-dlya-uborki/
Для щенков;dlya-shchenkov;predmety-po-ukhodu;/catalog/tovary-i-korma-dlya-sobak/predmety-po-ukhodu/dlya-shchenkov/
Зубные щетки;zubnye-shchetki;predmety-po-ukhodu;/catalog/tovary-i-korma-dlya-sobak/predmety-po-ukhodu/zubnye-shchetki/
Колтунорез;koltunorez;predmety-po-ukhodu;/catalog/tovary-i-korma-dlya-sobak/predmety-po-ukhodu/koltunorez/
Кусачки;kusachki;predmety-po-ukhodu;/catalog/tovary-i-korma-dlya-sobak/predmety-po-ukhodu/kusachki/
Лапомойки;lapomoyki;predmety-po-ukhodu;/catalog/tovary-i-korma-dlya-sobak/predmety-po-ukhodu/lapomoyki/
Машинки для стрижки;mashinki-dlya-strizhki;predmety-po-ukhodu;/catalog/tovary-i-korma-dlya-sobak/predmety-po-ukhodu/mashinki-dlya-strizhki/
Ножницы;nozhnitsy;predmety-po-ukhodu;/catalog/tovary-i-korma-dlya-sobak/predmety-po-ukhodu/nozhnitsy/
Пуходерки;pukhoderki;predmety-po-ukhodu;/catalog/tovary-i-korma-dlya-sobak/predmety-po-ukhodu/pukhoderki/
Расчески;rascheski;predmety-po-ukhodu;/catalog/tovary-i-korma-dlya-sobak/predmety-po-ukhodu/rascheski/
Рукавицы;rukavitsy;predmety-po-ukhodu;/catalog/tovary-i-korma-dlya-sobak/predmety-po-ukhodu/rukavitsy/
Скребница;skrebnitsa;predmety-po-ukhodu;/catalog/tovary-i-korma-dlya-sobak/predmety-po-ukhodu/skrebnitsa/
Триминг;triming;predmety-po-ukhodu;/catalog/tovary-i-korma-dlya-sobak/predmety-po-ukhodu/triming/
Триммер;trimmer;predmety-po-ukhodu;/catalog/tovary-i-korma-dlya-sobak/predmety-po-ukhodu/trimmer/
Щетки;shchetki;predmety-po-ukhodu;/catalog/tovary-i-korma-dlya-sobak/predmety-po-ukhodu/shchetki/
Средства от паразитов;sredstva-ot-parazitov;tovary-i-korma-dlya-sobak;/catalog/tovary-i-korma-dlya-sobak/sredstva-ot-parazitov/
Брелок;brelok;sredstva-ot-parazitov;/catalog/tovary-i-korma-dlya-sobak/sredstva-ot-parazitov/brelok/
Ошейники;osheyniki;sredstva-ot-parazitov;/catalog/tovary-i-korma-dlya-sobak/sredstva-ot-parazitov/osheyniki/
Спреи;sprei;sredstva-ot-parazitov;/catalog/tovary-i-korma-dlya-sobak/sredstva-ot-parazitov/sprei/
Удалитель клещей;udalitel-kleshchey;sredstva-ot-parazitov;/catalog/tovary-i-korma-dlya-sobak/sredstva-ot-parazitov/udalitel-kleshchey/
Средства по уходу;sredstva-po-ukhodu;tovary-i-korma-dlya-sobak;/catalog/tovary-i-korma-dlya-sobak/sredstva-po-ukhodu/
Защита от кобелей;zashchita-ot-kobeley;sredstva-po-ukhodu;/catalog/tovary-i-korma-dlya-sobak/sredstva-po-ukhodu/zashchita-ot-kobeley/
дезинфицирующие;dezinfitsiruyushchie;sredstva-po-ukhodu;/catalog/tovary-i-korma-dlya-sobak/sredstva-po-ukhodu/dezinfitsiruyushchie/
Для глаз;dlya-glaz;sredstva-po-ukhodu;/catalog/tovary-i-korma-dlya-sobak/sredstva-po-ukhodu/dlya-glaz/
Для лап;dlya-lap;sredstva-po-ukhodu;/catalog/tovary-i-korma-dlya-sobak/sredstva-po-ukhodu/dlya-lap/
Для полости рта;dlya-polosti-rta;sredstva-po-ukhodu;/catalog/tovary-i-korma-dlya-sobak/sredstva-po-ukhodu/dlya-polosti-rta/
Для ушей;dlya-ushey;sredstva-po-ukhodu;/catalog/tovary-i-korma-dlya-sobak/sredstva-po-ukhodu/dlya-ushey/
Корректоры поведения;korrektory-povedeniya;sredstva-po-ukhodu;/catalog/tovary-i-korma-dlya-sobak/sredstva-po-ukhodu/korrektory-povedeniya/
Салфетки;salfetki;sredstva-po-ukhodu;/catalog/tovary-i-korma-dlya-sobak/sredstva-po-ukhodu/salfetki/
Спрей для шерсти;sprey-dlya-shersti;sredstva-po-ukhodu;/catalog/tovary-i-korma-dlya-sobak/sredstva-po-ukhodu/sprey-dlya-shersti/
Шампунь;shampun;sredstva-po-ukhodu;/catalog/tovary-i-korma-dlya-sobak/sredstva-po-ukhodu/shampun/
Animal Play;animal-play;shampun;/catalog/tovary-i-korma-dlya-sobak/sredstva-po-ukhodu/shampun/animal-play/
8in1;8in1_1;shampun;/catalog/tovary-i-korma-dlya-sobak/sredstva-po-ukhodu/shampun/8in1_1/
Beaphar;beaphar_5;shampun;/catalog/tovary-i-korma-dlya-sobak/sredstva-po-ukhodu/shampun/beaphar_5/
Mr.Bruno;mr-bruno_2;shampun;/catalog/tovary-i-korma-dlya-sobak/sredstva-po-ukhodu/shampun/mr-bruno_2/
Tropiclean;tropiclean_1;shampun;/catalog/tovary-i-korma-dlya-sobak/sredstva-po-ukhodu/shampun/tropiclean_1/
Доктор Zoo;doktor-zoo_3;shampun;/catalog/tovary-i-korma-dlya-sobak/sredstva-po-ukhodu/shampun/doktor-zoo_3/
Разные;raznye_4;shampun;/catalog/tovary-i-korma-dlya-sobak/sredstva-po-ukhodu/shampun/raznye_4/
Корм сухой для кошек;korm_sukhoy_dlya_koshek;tovary-i-korma-dlya-koshek;/catalog/tovary-i-korma-dlya-koshek/korm_sukhoy_dlya_koshek/
1st Choice;1st-choice;korm_sukhoy_dlya_koshek;/catalog/tovary-i-korma-dlya-koshek/korm_sukhoy_dlya_koshek/1st-choice/
Ajo;ajo;korm_sukhoy_dlya_koshek;/catalog/tovary-i-korma-dlya-koshek/korm_sukhoy_dlya_koshek/ajo/
All Cats;all-cats_1;korm_sukhoy_dlya_koshek;/catalog/tovary-i-korma-dlya-koshek/korm_sukhoy_dlya_koshek/all-cats_1/
Almo Nature;almo-nature;korm_sukhoy_dlya_koshek;/catalog/tovary-i-korma-dlya-koshek/korm_sukhoy_dlya_koshek/almo-nature/
Alphapet;alphapet;korm_sukhoy_dlya_koshek;/catalog/tovary-i-korma-dlya-koshek/korm_sukhoy_dlya_koshek/alphapet/
Best Dinner;best-dinner_1;korm_sukhoy_dlya_koshek;/catalog/tovary-i-korma-dlya-koshek/korm_sukhoy_dlya_koshek/best-dinner_1/
Bewi Cat;bewi-cat;korm_sukhoy_dlya_koshek;/catalog/tovary-i-korma-dlya-koshek/korm_sukhoy_dlya_koshek/bewi-cat/
Blitz;blitz;korm_sukhoy_dlya_koshek;/catalog/tovary-i-korma-dlya-koshek/korm_sukhoy_dlya_koshek/blitz/
Bon Appetit;bon-appetit_1;korm_sukhoy_dlya_koshek;/catalog/tovary-i-korma-dlya-koshek/korm_sukhoy_dlya_koshek/bon-appetit_1/
BrooksField;brooksfield;korm_sukhoy_dlya_koshek;/catalog/tovary-i-korma-dlya-koshek/korm_sukhoy_dlya_koshek/brooksfield/
Cats Menu;cats-menu_1;korm_sukhoy_dlya_koshek;/catalog/tovary-i-korma-dlya-koshek/korm_sukhoy_dlya_koshek/cats-menu_1/
Clan;clan_2;korm_sukhoy_dlya_koshek;/catalog/tovary-i-korma-dlya-koshek/korm_sukhoy_dlya_koshek/clan_2/
Crave;crave;korm_sukhoy_dlya_koshek;/catalog/tovary-i-korma-dlya-koshek/korm_sukhoy_dlya_koshek/crave/
Crockex;crockex_1;korm_sukhoy_dlya_koshek;/catalog/tovary-i-korma-dlya-koshek/korm_sukhoy_dlya_koshek/crockex_1/
Elato;elato;korm_sukhoy_dlya_koshek;/catalog/tovary-i-korma-dlya-koshek/korm_sukhoy_dlya_koshek/elato/
Eukanuba;eukanuba_1;korm_sukhoy_dlya_koshek;/catalog/tovary-i-korma-dlya-koshek/korm_sukhoy_dlya_koshek/eukanuba_1/
Farmina;farmina;korm_sukhoy_dlya_koshek;/catalog/tovary-i-korma-dlya-koshek/korm_sukhoy_dlya_koshek/farmina/
С Киноа;s-kinoa;farmina;/catalog/tovary-i-korma-dlya-koshek/korm_sukhoy_dlya_koshek/farmina/s-kinoa/
С Тыквой;s-tykvoy_1;farmina;/catalog/tovary-i-korma-dlya-koshek/korm_sukhoy_dlya_koshek/farmina/s-tykvoy_1/
Беззерновой;bezzernovoy;farmina;/catalog/tovary-i-korma-dlya-koshek/korm_sukhoy_dlya_koshek/farmina/bezzernovoy/
Низкозерновой;nizkozernovoy;farmina;/catalog/tovary-i-korma-dlya-koshek/korm_sukhoy_dlya_koshek/farmina/nizkozernovoy/
Fan;fan;farmina;/catalog/tovary-i-korma-dlya-koshek/korm_sukhoy_dlya_koshek/farmina/fan/
Felix;felix;korm_sukhoy_dlya_koshek;/catalog/tovary-i-korma-dlya-koshek/korm_sukhoy_dlya_koshek/felix/
Gina;gina;korm_sukhoy_dlya_koshek;/catalog/tovary-i-korma-dlya-koshek/korm_sukhoy_dlya_koshek/gina/
Glance;glance_1;korm_sukhoy_dlya_koshek;/catalog/tovary-i-korma-dlya-koshek/korm_sukhoy_dlya_koshek/glance_1/
GO!;go;korm_sukhoy_dlya_koshek;/catalog/tovary-i-korma-dlya-koshek/korm_sukhoy_dlya_koshek/go/
Grand Prix;grand-prix_1;korm_sukhoy_dlya_koshek;/catalog/tovary-i-korma-dlya-koshek/korm_sukhoy_dlya_koshek/grand-prix_1/
Happy Cat;happy-cat;korm_sukhoy_dlya_koshek;/catalog/tovary-i-korma-dlya-koshek/korm_sukhoy_dlya_koshek/happy-cat/
Hills;hills;korm_sukhoy_dlya_koshek;/catalog/tovary-i-korma-dlya-koshek/korm_sukhoy_dlya_koshek/hills/
Взрослые;vzroslye;hills;/catalog/tovary-i-korma-dlya-koshek/korm_sukhoy_dlya_koshek/hills/vzroslye/
Для выведения шерсти;dlya-vyvedeniya-shersti;hills;/catalog/tovary-i-korma-dlya-koshek/korm_sukhoy_dlya_koshek/hills/dlya-vyvedeniya-shersti/
Для кастрированных;dlya-kastrirovannykh;hills;/catalog/tovary-i-korma-dlya-koshek/korm_sukhoy_dlya_koshek/hills/dlya-kastrirovannykh/
Для полных кошек;dlya-polnykh-koshek;hills;/catalog/tovary-i-korma-dlya-koshek/korm_sukhoy_dlya_koshek/hills/dlya-polnykh-koshek/
Для полости рта;dlya-polosti-rta;hills;/catalog/tovary-i-korma-dlya-koshek/korm_sukhoy_dlya_koshek/hills/dlya-polosti-rta/
Котята;kotyata;hills;/catalog/tovary-i-korma-dlya-koshek/korm_sukhoy_dlya_koshek/hills/kotyata/
Пожилые;pozhilye;hills;/catalog/tovary-i-korma-dlya-koshek/korm_sukhoy_dlya_koshek/hills/pozhilye/
С чувств. желудком и кожей;s-chuvstv-zheludkom-i-kozhey;hills;/catalog/tovary-i-korma-dlya-koshek/korm_sukhoy_dlya_koshek/hills/s-chuvstv-zheludkom-i-kozhey/
Karmy;karmy;korm_sukhoy_dlya_koshek;/catalog/tovary-i-korma-dlya-koshek/korm_sukhoy_dlya_koshek/karmy/
KiteKat;kitekat;korm_sukhoy_dlya_koshek;/catalog/tovary-i-korma-dlya-koshek/korm_sukhoy_dlya_koshek/kitekat/
Leo&Lucy;leo-lucy_1;korm_sukhoy_dlya_koshek;/catalog/tovary-i-korma-dlya-koshek/korm_sukhoy_dlya_koshek/leo-lucy_1/
Leonardo;leonardo;korm_sukhoy_dlya_koshek;/catalog/tovary-i-korma-dlya-koshek/korm_sukhoy_dlya_koshek/leonardo/
Matisse;matisse;korm_sukhoy_dlya_koshek;/catalog/tovary-i-korma-dlya-koshek/korm_sukhoy_dlya_koshek/matisse/
Meglium;meglium;korm_sukhoy_dlya_koshek;/catalog/tovary-i-korma-dlya-koshek/korm_sukhoy_dlya_koshek/meglium/
Morando;morando_1;korm_sukhoy_dlya_koshek;/catalog/tovary-i-korma-dlya-koshek/korm_sukhoy_dlya_koshek/morando_1/
Mr.Buffalo;mr-buffalo;korm_sukhoy_dlya_koshek;/catalog/tovary-i-korma-dlya-koshek/korm_sukhoy_dlya_koshek/mr-buffalo/
Myfood;myfood;korm_sukhoy_dlya_koshek;/catalog/tovary-i-korma-dlya-koshek/korm_sukhoy_dlya_koshek/myfood/
Mystic;mystic;korm_sukhoy_dlya_koshek;/catalog/tovary-i-korma-dlya-koshek/korm_sukhoy_dlya_koshek/mystic/
Nature`s Table;nature-s-table_1;korm_sukhoy_dlya_koshek;/catalog/tovary-i-korma-dlya-koshek/korm_sukhoy_dlya_koshek/nature-s-table_1/
Nero Gold;nero-gold;korm_sukhoy_dlya_koshek;/catalog/tovary-i-korma-dlya-koshek/korm_sukhoy_dlya_koshek/nero-gold/
Onto;onto_1;korm_sukhoy_dlya_koshek;/catalog/tovary-i-korma-dlya-koshek/korm_sukhoy_dlya_koshek/onto_1/
Organix;organix_2;korm_sukhoy_dlya_koshek;/catalog/tovary-i-korma-dlya-koshek/korm_sukhoy_dlya_koshek/organix_2/
Pawpaw;pawpaw;korm_sukhoy_dlya_koshek;/catalog/tovary-i-korma-dlya-koshek/korm_sukhoy_dlya_koshek/pawpaw/
Perfect Fit;perfect-fit;korm_sukhoy_dlya_koshek;/catalog/tovary-i-korma-dlya-koshek/korm_sukhoy_dlya_koshek/perfect-fit/
Primordial;primordial;korm_sukhoy_dlya_koshek;/catalog/tovary-i-korma-dlya-koshek/korm_sukhoy_dlya_koshek/primordial/
Pro Plan;pro-plan;korm_sukhoy_dlya_koshek;/catalog/tovary-i-korma-dlya-koshek/korm_sukhoy_dlya_koshek/pro-plan/
Взрослые;vzroslye;pro-plan;/catalog/tovary-i-korma-dlya-koshek/korm_sukhoy_dlya_koshek/pro-plan/vzroslye/
Котята;kotyata;pro-plan;/catalog/tovary-i-korma-dlya-koshek/korm_sukhoy_dlya_koshek/pro-plan/kotyata/
Пожилые;pozhilye;pro-plan;/catalog/tovary-i-korma-dlya-koshek/korm_sukhoy_dlya_koshek/pro-plan/pozhilye/
ProBalance;probalance;korm_sukhoy_dlya_koshek;/catalog/tovary-i-korma-dlya-koshek/korm_sukhoy_dlya_koshek/probalance/
Pronature;pronature;korm_sukhoy_dlya_koshek;/catalog/tovary-i-korma-dlya-koshek/korm_sukhoy_dlya_koshek/pronature/
Puffins;puffins;korm_sukhoy_dlya_koshek;/catalog/tovary-i-korma-dlya-koshek/korm_sukhoy_dlya_koshek/puffins/
Purina One;purina-one_2;korm_sukhoy_dlya_koshek;/catalog/tovary-i-korma-dlya-koshek/korm_sukhoy_dlya_koshek/purina-one_2/
Royal Canin;royal-canin;korm_sukhoy_dlya_koshek;/catalog/tovary-i-korma-dlya-koshek/korm_sukhoy_dlya_koshek/royal-canin/
Взрослые;vzroslye;royal-canin;/catalog/tovary-i-korma-dlya-koshek/korm_sukhoy_dlya_koshek/royal-canin/vzroslye/
Для различных пород;dlya-razlichnykh-porod;royal-canin;/catalog/tovary-i-korma-dlya-koshek/korm_sukhoy_dlya_koshek/royal-canin/dlya-razlichnykh-porod/
Котята;kotyata;royal-canin;/catalog/tovary-i-korma-dlya-koshek/korm_sukhoy_dlya_koshek/royal-canin/kotyata/
Пожилые;pozhilye;royal-canin;/catalog/tovary-i-korma-dlya-koshek/korm_sukhoy_dlya_koshek/royal-canin/pozhilye/
Стерилизованные;sterilizovannye;royal-canin;/catalog/tovary-i-korma-dlya-koshek/korm_sukhoy_dlya_koshek/royal-canin/sterilizovannye/
Schesir;schesir;korm_sukhoy_dlya_koshek;/catalog/tovary-i-korma-dlya-koshek/korm_sukhoy_dlya_koshek/schesir/
Sirius;sirius;korm_sukhoy_dlya_koshek;/catalog/tovary-i-korma-dlya-koshek/korm_sukhoy_dlya_koshek/sirius/
Takk;takk;korm_sukhoy_dlya_koshek;/catalog/tovary-i-korma-dlya-koshek/korm_sukhoy_dlya_koshek/takk/
Tasty;tasty_1;korm_sukhoy_dlya_koshek;/catalog/tovary-i-korma-dlya-koshek/korm_sukhoy_dlya_koshek/tasty_1/
Trainer;trainer;korm_sukhoy_dlya_koshek;/catalog/tovary-i-korma-dlya-koshek/korm_sukhoy_dlya_koshek/trainer/
Whiskas;whiskas;korm_sukhoy_dlya_koshek;/catalog/tovary-i-korma-dlya-koshek/korm_sukhoy_dlya_koshek/whiskas/
Wildy;wildy;korm_sukhoy_dlya_koshek;/catalog/tovary-i-korma-dlya-koshek/korm_sukhoy_dlya_koshek/wildy/
Zillii;zillii_1;korm_sukhoy_dlya_koshek;/catalog/tovary-i-korma-dlya-koshek/korm_sukhoy_dlya_koshek/zillii_1/
Для Самых Преданных;dlya-samykh-predannykh;korm_sukhoy_dlya_koshek;/catalog/tovary-i-korma-dlya-koshek/korm_sukhoy_dlya_koshek/dlya-samykh-predannykh/
Зоогурман;zoogurman_1;korm_sukhoy_dlya_koshek;/catalog/tovary-i-korma-dlya-koshek/korm_sukhoy_dlya_koshek/zoogurman_1/
Мираторг-Winner;miratorg-winner;korm_sukhoy_dlya_koshek;/catalog/tovary-i-korma-dlya-koshek/korm_sukhoy_dlya_koshek/miratorg-winner/
Мон Ами;mon-ami;korm_sukhoy_dlya_koshek;/catalog/tovary-i-korma-dlya-koshek/korm_sukhoy_dlya_koshek/mon-ami/
Наш рацион;nash-ratsion;korm_sukhoy_dlya_koshek;/catalog/tovary-i-korma-dlya-koshek/korm_sukhoy_dlya_koshek/nash-ratsion/
Наша марка;nasha-marka;korm_sukhoy_dlya_koshek;/catalog/tovary-i-korma-dlya-koshek/korm_sukhoy_dlya_koshek/nasha-marka/
Ночной охотник;nochnoy-okhotnik;korm_sukhoy_dlya_koshek;/catalog/tovary-i-korma-dlya-koshek/korm_sukhoy_dlya_koshek/nochnoy-okhotnik/
Оскар;oskar;korm_sukhoy_dlya_koshek;/catalog/tovary-i-korma-dlya-koshek/korm_sukhoy_dlya_koshek/oskar/
Прохвост;prokhvost;korm_sukhoy_dlya_koshek;/catalog/tovary-i-korma-dlya-koshek/korm_sukhoy_dlya_koshek/prokhvost/
Родные корма;rodnye-korma_1;korm_sukhoy_dlya_koshek;/catalog/tovary-i-korma-dlya-koshek/korm_sukhoy_dlya_koshek/rodnye-korma_1/
Терагав;teragav;korm_sukhoy_dlya_koshek;/catalog/tovary-i-korma-dlya-koshek/korm_sukhoy_dlya_koshek/teragav/
ТитБит;titbit_2;korm_sukhoy_dlya_koshek;/catalog/tovary-i-korma-dlya-koshek/korm_sukhoy_dlya_koshek/titbit_2/
Фаворит;favorit;korm_sukhoy_dlya_koshek;/catalog/tovary-i-korma-dlya-koshek/korm_sukhoy_dlya_koshek/favorit/
Флорида;florida;korm_sukhoy_dlya_koshek;/catalog/tovary-i-korma-dlya-koshek/korm_sukhoy_dlya_koshek/florida/
Четвероногий гурман;chetveronogiy-gurman_1;korm_sukhoy_dlya_koshek;/catalog/tovary-i-korma-dlya-koshek/korm_sukhoy_dlya_koshek/chetveronogiy-gurman_1/
Корм влажный для кошек;korm_vlazhnyy_dlya_koshek;tovary-i-korma-dlya-koshek;/catalog/tovary-i-korma-dlya-koshek/korm_vlazhnyy_dlya_koshek/
1st Choice;1st-choice_1;korm_vlazhnyy_dlya_koshek;/catalog/tovary-i-korma-dlya-koshek/korm_vlazhnyy_dlya_koshek/1st-choice_1/
All Cats;all-cats;korm_vlazhnyy_dlya_koshek;/catalog/tovary-i-korma-dlya-koshek/korm_vlazhnyy_dlya_koshek/all-cats/
Almo Nature;almo-nature;korm_vlazhnyy_dlya_koshek;/catalog/tovary-i-korma-dlya-koshek/korm_vlazhnyy_dlya_koshek/almo-nature/
Alternative;alternative;almo-nature;/catalog/tovary-i-korma-dlya-koshek/korm_vlazhnyy_dlya_koshek/almo-nature/alternative/
Complete;complete;almo-nature;/catalog/tovary-i-korma-dlya-koshek/korm_vlazhnyy_dlya_koshek/almo-nature/complete/
HFC;hfc;almo-nature;/catalog/tovary-i-korma-dlya-koshek/korm_vlazhnyy_dlya_koshek/almo-nature/hfc/
Holistic;holistic;almo-nature;/catalog/tovary-i-korma-dlya-koshek/korm_vlazhnyy_dlya_koshek/almo-nature/holistic/
Classic;classic;almo-nature;/catalog/tovary-i-korma-dlya-koshek/korm_vlazhnyy_dlya_koshek/almo-nature/classic/
Daily Menu;daily-menu;almo-nature;/catalog/tovary-i-korma-dlya-koshek/korm_vlazhnyy_dlya_koshek/almo-nature/daily-menu/
Legend;legend;almo-nature;/catalog/tovary-i-korma-dlya-koshek/korm_vlazhnyy_dlya_koshek/almo-nature/legend/
Rouge Lebel;rouge-lebel;almo-nature;/catalog/tovary-i-korma-dlya-koshek/korm_vlazhnyy_dlya_koshek/almo-nature/rouge-lebel/
Raw Pack;raw-pack;almo-nature;/catalog/tovary-i-korma-dlya-koshek/korm_vlazhnyy_dlya_koshek/almo-nature/raw-pack/
Наборы;nabory;almo-nature;/catalog/tovary-i-korma-dlya-koshek/korm_vlazhnyy_dlya_koshek/almo-nature/nabory/
Animonda;animonda;korm_vlazhnyy_dlya_koshek;/catalog/tovary-i-korma-dlya-koshek/korm_vlazhnyy_dlya_koshek/animonda/
Integra;integra;animonda;/catalog/tovary-i-korma-dlya-koshek/korm_vlazhnyy_dlya_koshek/animonda/integra/
Carny;carny;animonda;/catalog/tovary-i-korma-dlya-koshek/korm_vlazhnyy_dlya_koshek/animonda/carny/
RAFINE;rafine;animonda;/catalog/tovary-i-korma-dlya-koshek/korm_vlazhnyy_dlya_koshek/animonda/rafine/
VOM FEINSTEN;vom-feinsten;animonda;/catalog/tovary-i-korma-dlya-koshek/korm_vlazhnyy_dlya_koshek/animonda/vom-feinsten/
Apetino;apetino;korm_vlazhnyy_dlya_koshek;/catalog/tovary-i-korma-dlya-koshek/korm_vlazhnyy_dlya_koshek/apetino/
Berkley;berkley;korm_vlazhnyy_dlya_koshek;/catalog/tovary-i-korma-dlya-koshek/korm_vlazhnyy_dlya_koshek/berkley/
Best Dinner;best-dinner;korm_vlazhnyy_dlya_koshek;/catalog/tovary-i-korma-dlya-koshek/korm_vlazhnyy_dlya_koshek/best-dinner/
BioMenu;biomenu;korm_vlazhnyy_dlya_koshek;/catalog/tovary-i-korma-dlya-koshek/korm_vlazhnyy_dlya_koshek/biomenu/
Blitz;blitz_3;korm_vlazhnyy_dlya_koshek;/catalog/tovary-i-korma-dlya-koshek/korm_vlazhnyy_dlya_koshek/blitz_3/
Bozita;bozita;korm_vlazhnyy_dlya_koshek;/catalog/tovary-i-korma-dlya-koshek/korm_vlazhnyy_dlya_koshek/bozita/
BrooksField;brooksfield_2;korm_vlazhnyy_dlya_koshek;/catalog/tovary-i-korma-dlya-koshek/korm_vlazhnyy_dlya_koshek/brooksfield_2/
Buffet;buffet;korm_vlazhnyy_dlya_koshek;/catalog/tovary-i-korma-dlya-koshek/korm_vlazhnyy_dlya_koshek/buffet/
Cat Lunch;cat-lunch;korm_vlazhnyy_dlya_koshek;/catalog/tovary-i-korma-dlya-koshek/korm_vlazhnyy_dlya_koshek/cat-lunch/
Cats Menu;cats-menu;korm_vlazhnyy_dlya_koshek;/catalog/tovary-i-korma-dlya-koshek/korm_vlazhnyy_dlya_koshek/cats-menu/
Clan;clan;korm_vlazhnyy_dlya_koshek;/catalog/tovary-i-korma-dlya-koshek/korm_vlazhnyy_dlya_koshek/clan/
Clan Family;clan-family;korm_vlazhnyy_dlya_koshek;/catalog/tovary-i-korma-dlya-koshek/korm_vlazhnyy_dlya_koshek/clan-family/
Craft Farm;craft-farm;korm_vlazhnyy_dlya_koshek;/catalog/tovary-i-korma-dlya-koshek/korm_vlazhnyy_dlya_koshek/craft-farm/
Crave;crave_2;korm_vlazhnyy_dlya_koshek;/catalog/tovary-i-korma-dlya-koshek/korm_vlazhnyy_dlya_koshek/crave_2/
Dr. Clauder`s;dr-clauder-s;korm_vlazhnyy_dlya_koshek;/catalog/tovary-i-korma-dlya-koshek/korm_vlazhnyy_dlya_koshek/dr-clauder-s/
Dr.Alder`s;dr-alder-s;korm_vlazhnyy_dlya_koshek;/catalog/tovary-i-korma-dlya-koshek/korm_vlazhnyy_dlya_koshek/dr-alder-s/
Edel Cat;edel-cat;korm_vlazhnyy_dlya_koshek;/catalog/tovary-i-korma-dlya-koshek/korm_vlazhnyy_dlya_koshek/edel-cat/
Eukanuba;eukanuba_2;korm_vlazhnyy_dlya_koshek;/catalog/tovary-i-korma-dlya-koshek/korm_vlazhnyy_dlya_koshek/eukanuba_2/
Farmina;farmina_1;korm_vlazhnyy_dlya_koshek;/catalog/tovary-i-korma-dlya-koshek/korm_vlazhnyy_dlya_koshek/farmina_1/
Felix;felix;korm_vlazhnyy_dlya_koshek;/catalog/tovary-i-korma-dlya-koshek/korm_vlazhnyy_dlya_koshek/felix/
Friskies;friskies;korm_vlazhnyy_dlya_koshek;/catalog/tovary-i-korma-dlya-koshek/korm_vlazhnyy_dlya_koshek/friskies/
Gina;gina;korm_vlazhnyy_dlya_koshek;/catalog/tovary-i-korma-dlya-koshek/korm_vlazhnyy_dlya_koshek/gina/
GO!;go_1;korm_vlazhnyy_dlya_koshek;/catalog/tovary-i-korma-dlya-koshek/korm_vlazhnyy_dlya_koshek/go_1/
Grand Prix;grand-prix_2;korm_vlazhnyy_dlya_koshek;/catalog/tovary-i-korma-dlya-koshek/korm_vlazhnyy_dlya_koshek/grand-prix_2/
Happy Cat;happy-cat;korm_vlazhnyy_dlya_koshek;/catalog/tovary-i-korma-dlya-koshek/korm_vlazhnyy_dlya_koshek/happy-cat/
Herbax;herbax;korm_vlazhnyy_dlya_koshek;/catalog/tovary-i-korma-dlya-koshek/korm_vlazhnyy_dlya_koshek/herbax/
Hill`s;hill-s;korm_vlazhnyy_dlya_koshek;/catalog/tovary-i-korma-dlya-koshek/korm_vlazhnyy_dlya_koshek/hill-s/
Взрослые;vzroslye;hill-s;/catalog/tovary-i-korma-dlya-koshek/korm_vlazhnyy_dlya_koshek/hill-s/vzroslye/
Котята;kotyata;hill-s;/catalog/tovary-i-korma-dlya-koshek/korm_vlazhnyy_dlya_koshek/hill-s/kotyata/
Пожилые;pozhilye;hill-s;/catalog/tovary-i-korma-dlya-koshek/korm_vlazhnyy_dlya_koshek/hill-s/pozhilye/
Karmy;karmy_2;korm_vlazhnyy_dlya_koshek;/catalog/tovary-i-korma-dlya-koshek/korm_vlazhnyy_dlya_koshek/karmy_2/
KiteKat;kitekat;korm_vlazhnyy_dlya_koshek;/catalog/tovary-i-korma-dlya-koshek/korm_vlazhnyy_dlya_koshek/kitekat/
Leo&Lucy;leo-lucy;korm_vlazhnyy_dlya_koshek;/catalog/tovary-i-korma-dlya-koshek/korm_vlazhnyy_dlya_koshek/leo-lucy/
Leonardo;leonardo;korm_vlazhnyy_dlya_koshek;/catalog/tovary-i-korma-dlya-koshek/korm_vlazhnyy_dlya_koshek/leonardo/
Matisse;matisse_1;korm_vlazhnyy_dlya_koshek;/catalog/tovary-i-korma-dlya-koshek/korm_vlazhnyy_dlya_koshek/matisse_1/
Me-O;me-o;korm_vlazhnyy_dlya_koshek;/catalog/tovary-i-korma-dlya-koshek/korm_vlazhnyy_dlya_koshek/me-o/
Mi-Мi;mi-mi;korm_vlazhnyy_dlya_koshek;/catalog/tovary-i-korma-dlya-koshek/korm_vlazhnyy_dlya_koshek/mi-mi/
Morando;morando;korm_vlazhnyy_dlya_koshek;/catalog/tovary-i-korma-dlya-koshek/korm_vlazhnyy_dlya_koshek/morando/
Nature`s Table;nature-s-table;korm_vlazhnyy_dlya_koshek;/catalog/tovary-i-korma-dlya-koshek/korm_vlazhnyy_dlya_koshek/nature-s-table/
Natures Protection;natures-protection;korm_vlazhnyy_dlya_koshek;/catalog/tovary-i-korma-dlya-koshek/korm_vlazhnyy_dlya_koshek/natures-protection/
Nuh;nuh;korm_vlazhnyy_dlya_koshek;/catalog/tovary-i-korma-dlya-koshek/korm_vlazhnyy_dlya_koshek/nuh/
Onto;onto;korm_vlazhnyy_dlya_koshek;/catalog/tovary-i-korma-dlya-koshek/korm_vlazhnyy_dlya_koshek/onto/
Organix;organix_1;korm_vlazhnyy_dlya_koshek;/catalog/tovary-i-korma-dlya-koshek/korm_vlazhnyy_dlya_koshek/organix_1/
Perfect Fit;perfect-fit;korm_vlazhnyy_dlya_koshek;/catalog/tovary-i-korma-dlya-koshek/korm_vlazhnyy_dlya_koshek/perfect-fit/
Prime;prime;korm_vlazhnyy_dlya_koshek;/catalog/tovary-i-korma-dlya-koshek/korm_vlazhnyy_dlya_koshek/prime/
Pro Plan;pro-plan;korm_vlazhnyy_dlya_koshek;/catalog/tovary-i-korma-dlya-koshek/korm_vlazhnyy_dlya_koshek/pro-plan/
ProBalance;probalance;korm_vlazhnyy_dlya_koshek;/catalog/tovary-i-korma-dlya-koshek/korm_vlazhnyy_dlya_koshek/probalance/
ProLapa;prolapa;korm_vlazhnyy_dlya_koshek;/catalog/tovary-i-korma-dlya-koshek/korm_vlazhnyy_dlya_koshek/prolapa/
Puffins;puffins;korm_vlazhnyy_dlya_koshek;/catalog/tovary-i-korma-dlya-koshek/korm_vlazhnyy_dlya_koshek/puffins/
Purina One;purina-one_3;korm_vlazhnyy_dlya_koshek;/catalog/tovary-i-korma-dlya-koshek/korm_vlazhnyy_dlya_koshek/purina-one_3/
Royal Canin;royal-canin;korm_vlazhnyy_dlya_koshek;/catalog/tovary-i-korma-dlya-koshek/korm_vlazhnyy_dlya_koshek/royal-canin/
Schesir;schesir;korm_vlazhnyy_dlya_koshek;/catalog/tovary-i-korma-dlya-koshek/korm_vlazhnyy_dlya_koshek/schesir/
Баночки;banochki;schesir;/catalog/tovary-i-korma-dlya-koshek/korm_vlazhnyy_dlya_koshek/schesir/banochki/
Паучи;pauchi;schesir;/catalog/tovary-i-korma-dlya-koshek/korm_vlazhnyy_dlya_koshek/schesir/pauchi/
Bio;bio;schesir;/catalog/tovary-i-korma-dlya-koshek/korm_vlazhnyy_dlya_koshek/schesir/bio/
Sheba;sheba;korm_vlazhnyy_dlya_koshek;/catalog/tovary-i-korma-dlya-koshek/korm_vlazhnyy_dlya_koshek/sheba/
Solid Natura;solid-natura;korm_vlazhnyy_dlya_koshek;/catalog/tovary-i-korma-dlya-koshek/korm_vlazhnyy_dlya_koshek/solid-natura/
Tasty;tasty;korm_vlazhnyy_dlya_koshek;/catalog/tovary-i-korma-dlya-koshek/korm_vlazhnyy_dlya_koshek/tasty/
VitAnimals;vitanimals;korm_vlazhnyy_dlya_koshek;/catalog/tovary-i-korma-dlya-koshek/korm_vlazhnyy_dlya_koshek/vitanimals/
Whiskas;whiskas;korm_vlazhnyy_dlya_koshek;/catalog/tovary-i-korma-dlya-koshek/korm_vlazhnyy_dlya_koshek/whiskas/
Взрослые;vzroslye;whiskas;/catalog/tovary-i-korma-dlya-koshek/korm_vlazhnyy_dlya_koshek/whiskas/vzroslye/
Котята;kotyata;whiskas;/catalog/tovary-i-korma-dlya-koshek/korm_vlazhnyy_dlya_koshek/whiskas/kotyata/
Пожилые;pozhilye;whiskas;/catalog/tovary-i-korma-dlya-koshek/korm_vlazhnyy_dlya_koshek/whiskas/pozhilye/
Zillii;zillii;korm_vlazhnyy_dlya_koshek;/catalog/tovary-i-korma-dlya-koshek/korm_vlazhnyy_dlya_koshek/zillii/
Амурр;amurr;korm_vlazhnyy_dlya_koshek;/catalog/tovary-i-korma-dlya-koshek/korm_vlazhnyy_dlya_koshek/amurr/
Деревенские лакомства;derevenskie-lakomstva_1;korm_vlazhnyy_dlya_koshek;/catalog/tovary-i-korma-dlya-koshek/korm_vlazhnyy_dlya_koshek/derevenskie-lakomstva_1/
ЕмБезПроблем;embezproblem;korm_vlazhnyy_dlya_koshek;/catalog/tovary-i-korma-dlya-koshek/korm_vlazhnyy_dlya_koshek/embezproblem/
Зоогурман;zoogurman;korm_vlazhnyy_dlya_koshek;/catalog/tovary-i-korma-dlya-koshek/korm_vlazhnyy_dlya_koshek/zoogurman/
Мираторг;miratorg;korm_vlazhnyy_dlya_koshek;/catalog/tovary-i-korma-dlya-koshek/korm_vlazhnyy_dlya_koshek/miratorg/
МнЯмс;mnyams;korm_vlazhnyy_dlya_koshek;/catalog/tovary-i-korma-dlya-koshek/korm_vlazhnyy_dlya_koshek/mnyams/
МонАми;monami;korm_vlazhnyy_dlya_koshek;/catalog/tovary-i-korma-dlya-koshek/korm_vlazhnyy_dlya_koshek/monami/
Наша марка;nasha-marka;korm_vlazhnyy_dlya_koshek;/catalog/tovary-i-korma-dlya-koshek/korm_vlazhnyy_dlya_koshek/nasha-marka/
Ночной охотник;nochnoy-okhotnik;korm_vlazhnyy_dlya_koshek;/catalog/tovary-i-korma-dlya-koshek/korm_vlazhnyy_dlya_koshek/nochnoy-okhotnik/
Прохвост;prokhvost_1;korm_vlazhnyy_dlya_koshek;/catalog/tovary-i-korma-dlya-koshek/korm_vlazhnyy_dlya_koshek/prokhvost_1/
Родные корма;rodnye-korma;korm_vlazhnyy_dlya_koshek;/catalog/tovary-i-korma-dlya-koshek/korm_vlazhnyy_dlya_koshek/rodnye-korma/
Четвероногий гурман;chetveronogiy-gurman;korm_vlazhnyy_dlya_koshek;/catalog/tovary-i-korma-dlya-koshek/korm_vlazhnyy_dlya_koshek/chetveronogiy-gurman/
Petibon;petibon;chetveronogiy-gurman;/catalog/tovary-i-korma-dlya-koshek/korm_vlazhnyy_dlya_koshek/chetveronogiy-gurman/petibon/
Суфле;sufle;chetveronogiy-gurman;/catalog/tovary-i-korma-dlya-koshek/korm_vlazhnyy_dlya_koshek/chetveronogiy-gurman/sufle/
Золотая линия;zolotaya-liniya;chetveronogiy-gurman;/catalog/tovary-i-korma-dlya-koshek/korm_vlazhnyy_dlya_koshek/chetveronogiy-gurman/zolotaya-liniya/
Мясное ассорти;myasnoe-assorti;chetveronogiy-gurman;/catalog/tovary-i-korma-dlya-koshek/korm_vlazhnyy_dlya_koshek/chetveronogiy-gurman/myasnoe-assorti/
Паштет;pashtet;chetveronogiy-gurman;/catalog/tovary-i-korma-dlya-koshek/korm_vlazhnyy_dlya_koshek/chetveronogiy-gurman/pashtet/
Mr.Buffalo;mr-buffalo_2;korm_vlazhnyy_dlya_koshek;/catalog/tovary-i-korma-dlya-koshek/korm_vlazhnyy_dlya_koshek/mr-buffalo_2/
Корм лечебный для кошек;korm_lechebnyy_dlya_koshek;tovary-i-korma-dlya-koshek;/catalog/tovary-i-korma-dlya-koshek/korm_lechebnyy_dlya_koshek/
Clan;clan_1;korm_lechebnyy_dlya_koshek;/catalog/tovary-i-korma-dlya-koshek/korm_lechebnyy_dlya_koshek/clan_1/
Farmina;farmina;korm_lechebnyy_dlya_koshek;/catalog/tovary-i-korma-dlya-koshek/korm_lechebnyy_dlya_koshek/farmina/
Hill`s;hill-s;korm_lechebnyy_dlya_koshek;/catalog/tovary-i-korma-dlya-koshek/korm_lechebnyy_dlya_koshek/hill-s/
Gastrointestinal;gastrointestinal;hill-s;/catalog/tovary-i-korma-dlya-koshek/korm_lechebnyy_dlya_koshek/hill-s/gastrointestinal/
Акция Hills;aktsiya-hills_3;hill-s;/catalog/tovary-i-korma-dlya-koshek/korm_lechebnyy_dlya_koshek/hill-s/aktsiya-hills_3/
Feline A/D;feline-a-d;hill-s;/catalog/tovary-i-korma-dlya-koshek/korm_lechebnyy_dlya_koshek/hill-s/feline-a-d/
Feline C/D;feline-c-d;hill-s;/catalog/tovary-i-korma-dlya-koshek/korm_lechebnyy_dlya_koshek/hill-s/feline-c-d/
Feline I/D;feline-i-d;hill-s;/catalog/tovary-i-korma-dlya-koshek/korm_lechebnyy_dlya_koshek/hill-s/feline-i-d/
Feline J/D;feline-j-d;hill-s;/catalog/tovary-i-korma-dlya-koshek/korm_lechebnyy_dlya_koshek/hill-s/feline-j-d/
Feline K/D;feline-k-d;hill-s;/catalog/tovary-i-korma-dlya-koshek/korm_lechebnyy_dlya_koshek/hill-s/feline-k-d/
Feline L/D;feline-l-d;hill-s;/catalog/tovary-i-korma-dlya-koshek/korm_lechebnyy_dlya_koshek/hill-s/feline-l-d/
Feline M/D;feline-m-d;hill-s;/catalog/tovary-i-korma-dlya-koshek/korm_lechebnyy_dlya_koshek/hill-s/feline-m-d/
Feline S/D;feline-s-d;hill-s;/catalog/tovary-i-korma-dlya-koshek/korm_lechebnyy_dlya_koshek/hill-s/feline-s-d/
Feline T/D;feline-t-d;hill-s;/catalog/tovary-i-korma-dlya-koshek/korm_lechebnyy_dlya_koshek/hill-s/feline-t-d/
Feline W/D;feline-w-d;hill-s;/catalog/tovary-i-korma-dlya-koshek/korm_lechebnyy_dlya_koshek/hill-s/feline-w-d/
Feline Y/D;feline-y-d;hill-s;/catalog/tovary-i-korma-dlya-koshek/korm_lechebnyy_dlya_koshek/hill-s/feline-y-d/
Feline Z/D;feline-z-d;hill-s;/catalog/tovary-i-korma-dlya-koshek/korm_lechebnyy_dlya_koshek/hill-s/feline-z-d/
Metabolic;metabolic;hill-s;/catalog/tovary-i-korma-dlya-koshek/korm_lechebnyy_dlya_koshek/hill-s/metabolic/
Purina;purina;korm_lechebnyy_dlya_koshek;/catalog/tovary-i-korma-dlya-koshek/korm_lechebnyy_dlya_koshek/purina/
Royal Canin;royal-canin;korm_lechebnyy_dlya_koshek;/catalog/tovary-i-korma-dlya-koshek/korm_lechebnyy_dlya_koshek/royal-canin/
Solid Natura;solid-natura_1;korm_lechebnyy_dlya_koshek;/catalog/tovary-i-korma-dlya-koshek/korm_lechebnyy_dlya_koshek/solid-natura_1/
Мираторг;miratorg_1;korm_lechebnyy_dlya_koshek;/catalog/tovary-i-korma-dlya-koshek/korm_lechebnyy_dlya_koshek/miratorg_1/
Наполнитель;napolnitel;tovary-i-korma-dlya-koshek;/catalog/tovary-i-korma-dlya-koshek/napolnitel/
AK Cat;ak-cat;napolnitel;/catalog/tovary-i-korma-dlya-koshek/napolnitel/ak-cat/
Brava;brava;napolnitel;/catalog/tovary-i-korma-dlya-koshek/napolnitel/brava/
Cat Step;cat-step;napolnitel;/catalog/tovary-i-korma-dlya-koshek/napolnitel/cat-step/
Cat's White;cat-s-white;napolnitel;/catalog/tovary-i-korma-dlya-koshek/napolnitel/cat-s-white/
Cats Best;cats-best;napolnitel;/catalog/tovary-i-korma-dlya-koshek/napolnitel/cats-best/
Eco-premium;eco-premium;napolnitel;/catalog/tovary-i-korma-dlya-koshek/napolnitel/eco-premium/
Eko Cat`s;eko-cat-s;napolnitel;/catalog/tovary-i-korma-dlya-koshek/napolnitel/eko-cat-s/
Eliott;eliott;napolnitel;/catalog/tovary-i-korma-dlya-koshek/napolnitel/eliott/
Ever Clean;ever-clean;napolnitel;/catalog/tovary-i-korma-dlya-koshek/napolnitel/ever-clean/
Fresh Step;fresh-step;napolnitel;/catalog/tovary-i-korma-dlya-koshek/napolnitel/fresh-step/
Hakase Arekkusu;hakase-arekkusu;napolnitel;/catalog/tovary-i-korma-dlya-koshek/napolnitel/hakase-arekkusu/
Homecat;homecat;napolnitel;/catalog/tovary-i-korma-dlya-koshek/napolnitel/homecat/
Kungfu Cat;kungfu-cat;napolnitel;/catalog/tovary-i-korma-dlya-koshek/napolnitel/kungfu-cat/
Little Friends;little-friends;napolnitel;/catalog/tovary-i-korma-dlya-koshek/napolnitel/little-friends/
Mr.Fresh;mr-fresh;napolnitel;/catalog/tovary-i-korma-dlya-koshek/napolnitel/mr-fresh/
Naturalist;naturalist;napolnitel;/catalog/tovary-i-korma-dlya-koshek/napolnitel/naturalist/
№1;1;napolnitel;/catalog/tovary-i-korma-dlya-koshek/napolnitel/1/
Pi-Pi-Bent;pi-pi-bent;napolnitel;/catalog/tovary-i-korma-dlya-koshek/napolnitel/pi-pi-bent/
Van Cat;van-cat;napolnitel;/catalog/tovary-i-korma-dlya-koshek/napolnitel/van-cat/
Барсик;barsik;napolnitel;/catalog/tovary-i-korma-dlya-koshek/napolnitel/barsik/
Виталайн;vitalayn;napolnitel;/catalog/tovary-i-korma-dlya-koshek/napolnitel/vitalayn/
Деревяшка;derevyashka;napolnitel;/catalog/tovary-i-korma-dlya-koshek/napolnitel/derevyashka/
Для Самых Преданных;dlya-samykh-predannykh_2;napolnitel;/catalog/tovary-i-korma-dlya-koshek/napolnitel/dlya-samykh-predannykh_2/
Зверьё Моё;zverye-moye;napolnitel;/catalog/tovary-i-korma-dlya-koshek/napolnitel/zverye-moye/
Зооник;zoonik;napolnitel;/catalog/tovary-i-korma-dlya-koshek/napolnitel/zoonik/
Котяра;kotyara;napolnitel;/catalog/tovary-i-korma-dlya-koshek/napolnitel/kotyara/
Кузя;kuzya;napolnitel;/catalog/tovary-i-korma-dlya-koshek/napolnitel/kuzya/
Мурзик;murzik;napolnitel;/catalog/tovary-i-korma-dlya-koshek/napolnitel/murzik/
Найси;naysi;napolnitel;/catalog/tovary-i-korma-dlya-koshek/napolnitel/naysi/
Пусси-кет;pussi-ket;napolnitel;/catalog/tovary-i-korma-dlya-koshek/napolnitel/pussi-ket/
Си Си Кэт;si-si-ket;napolnitel;/catalog/tovary-i-korma-dlya-koshek/napolnitel/si-si-ket/
Сибирская кошка;sibirskaya-koshka;napolnitel;/catalog/tovary-i-korma-dlya-koshek/napolnitel/sibirskaya-koshka/
Снежок;snezhok;napolnitel;/catalog/tovary-i-korma-dlya-koshek/napolnitel/snezhok/
Счастливые лапки;schastlivye-lapki;napolnitel;/catalog/tovary-i-korma-dlya-koshek/napolnitel/schastlivye-lapki/
Чистые Лапки;chistye-lapki;napolnitel;/catalog/tovary-i-korma-dlya-koshek/napolnitel/chistye-lapki/
Лакомства;lakomstva;tovary-i-korma-dlya-koshek;/catalog/tovary-i-korma-dlya-koshek/lakomstva/
Sheba;sheba_1;lakomstva;/catalog/tovary-i-korma-dlya-koshek/lakomstva/sheba_1/
Родные корма;rodnye-korma_3;lakomstva;/catalog/tovary-i-korma-dlya-koshek/lakomstva/rodnye-korma_3/
AlpenHof;alpenhof_1;lakomstva;/catalog/tovary-i-korma-dlya-koshek/lakomstva/alpenhof_1/
Beaphar;beaphar;lakomstva;/catalog/tovary-i-korma-dlya-koshek/lakomstva/beaphar/
Bosch;bosch;lakomstva;/catalog/tovary-i-korma-dlya-koshek/lakomstva/bosch/
Dreamies;dreamies;lakomstva;/catalog/tovary-i-korma-dlya-koshek/lakomstva/dreamies/
Edel Cat;edel-cat;lakomstva;/catalog/tovary-i-korma-dlya-koshek/lakomstva/edel-cat/
Felix;felix;lakomstva;/catalog/tovary-i-korma-dlya-koshek/lakomstva/felix/
Happy Cat;happy-cat;lakomstva;/catalog/tovary-i-korma-dlya-koshek/lakomstva/happy-cat/
TiTBiT;titbit;lakomstva;/catalog/tovary-i-korma-dlya-koshek/lakomstva/titbit/
Vitakraft;vitakraft;lakomstva;/catalog/tovary-i-korma-dlya-koshek/lakomstva/vitakraft/
Грин Кьюзин;grin-kyuzin;lakomstva;/catalog/tovary-i-korma-dlya-koshek/lakomstva/grin-kyuzin/
Деревенские лакомства;derevenskie-lakomstva;lakomstva;/catalog/tovary-i-korma-dlya-koshek/lakomstva/derevenskie-lakomstva/
Кошачья мята;koshachya-myata;lakomstva;/catalog/tovary-i-korma-dlya-koshek/lakomstva/koshachya-myata/
Мнямс;mnyams;lakomstva;/catalog/tovary-i-korma-dlya-koshek/lakomstva/mnyams/
Травка;travka;lakomstva;/catalog/tovary-i-korma-dlya-koshek/lakomstva/travka/
;avtokormushki;tovary-i-korma-dlya-koshek;/catalog/tovary-i-korma-dlya-koshek/avtokormushki/
Аксессуары;aksessuary;tovary-i-korma-dlya-koshek;/catalog/tovary-i-korma-dlya-koshek/aksessuary/
Антицарапки;antitsarapki;aksessuary;/catalog/tovary-i-korma-dlya-koshek/aksessuary/antitsarapki/
Адресник;adresnik;aksessuary;/catalog/tovary-i-korma-dlya-koshek/aksessuary/adresnik/
Бубенчики;bubenchiki;aksessuary;/catalog/tovary-i-korma-dlya-koshek/aksessuary/bubenchiki/
Ошейники;osheyniki;aksessuary;/catalog/tovary-i-korma-dlya-koshek/aksessuary/osheyniki/
Витамины;vitaminy;tovary-i-korma-dlya-koshek;/catalog/tovary-i-korma-dlya-koshek/vitaminy/
Beaphar;beaphar;vitaminy;/catalog/tovary-i-korma-dlya-koshek/vitaminy/beaphar/
CEVA;ceva;vitaminy;/catalog/tovary-i-korma-dlya-koshek/vitaminy/ceva/
Gimpet;gimpet;vitaminy;/catalog/tovary-i-korma-dlya-koshek/vitaminy/gimpet/
Polidex;polidex;vitaminy;/catalog/tovary-i-korma-dlya-koshek/vitaminy/polidex/
Sanal;sanal;vitaminy;/catalog/tovary-i-korma-dlya-koshek/vitaminy/sanal/
АВЗ;avz;vitaminy;/catalog/tovary-i-korma-dlya-koshek/vitaminy/avz/
Доктор Zoo;doktor-zoo;vitaminy;/catalog/tovary-i-korma-dlya-koshek/vitaminy/doktor-zoo/
Трава;trava;vitaminy;/catalog/tovary-i-korma-dlya-koshek/vitaminy/trava/
Домики;domiki;tovary-i-korma-dlya-koshek;/catalog/tovary-i-korma-dlya-koshek/domiki/
Fauna;fauna;domiki;/catalog/tovary-i-korma-dlya-koshek/domiki/fauna/
Trixie;trixie;domiki;/catalog/tovary-i-korma-dlya-koshek/domiki/trixie/
Дарелл;darell;domiki;/catalog/tovary-i-korma-dlya-koshek/domiki/darell/
Зооник;zoonik;domiki;/catalog/tovary-i-korma-dlya-koshek/domiki/zoonik/
Игрушки;igrushki;tovary-i-korma-dlya-koshek;/catalog/tovary-i-korma-dlya-koshek/igrushki/
Дразнилки;draznilki;igrushki;/catalog/tovary-i-korma-dlya-koshek/igrushki/draznilki/
Мон Теро Эко;mon-tero-eko;igrushki;/catalog/tovary-i-korma-dlya-koshek/igrushki/mon-tero-eko/
Мышки;myshki;igrushki;/catalog/tovary-i-korma-dlya-koshek/igrushki/myshki/
Мячи;myachi;igrushki;/catalog/tovary-i-korma-dlya-koshek/igrushki/myachi/
Разные;raznye;igrushki;/catalog/tovary-i-korma-dlya-koshek/igrushki/raznye/
Когтеточки;kogtetochki;tovary-i-korma-dlya-koshek;/catalog/tovary-i-korma-dlya-koshek/kogtetochki/
Fauna;fauna;kogtetochki;/catalog/tovary-i-korma-dlya-koshek/kogtetochki/fauna/
Homecat;homecat_1;kogtetochki;/catalog/tovary-i-korma-dlya-koshek/kogtetochki/homecat_1/
Trixie;trixie;kogtetochki;/catalog/tovary-i-korma-dlya-koshek/kogtetochki/trixie/
Зооник;zoonik;kogtetochki;/catalog/tovary-i-korma-dlya-koshek/kogtetochki/zoonik/
Разные;raznye;kogtetochki;/catalog/tovary-i-korma-dlya-koshek/kogtetochki/raznye/
Лежанки;lezhanki;tovary-i-korma-dlya-koshek;/catalog/tovary-i-korma-dlya-koshek/lezhanki/
GiGwi;gigwi_1;lezhanki;/catalog/tovary-i-korma-dlya-koshek/lezhanki/gigwi_1/
Родные места;rodnye-mesta_1;lezhanki;/catalog/tovary-i-korma-dlya-koshek/lezhanki/rodnye-mesta_1/
Миски;miski;tovary-i-korma-dlya-koshek;/catalog/tovary-i-korma-dlya-koshek/miski/
Миски;miski_1;miski;/catalog/tovary-i-korma-dlya-koshek/miski/miski_1/
Коврик под миску;kovrik-pod-misku_1;miski;/catalog/tovary-i-korma-dlya-koshek/miski/kovrik-pod-misku_1/
;perenoski;tovary-i-korma-dlya-koshek;/catalog/tovary-i-korma-dlya-koshek/perenoski/
Предметы по уходу;predmety-po-ukhodu;tovary-i-korma-dlya-koshek;/catalog/tovary-i-korma-dlya-koshek/predmety-po-ukhodu/
Пуходерка;pukhoderka;predmety-po-ukhodu;/catalog/tovary-i-korma-dlya-koshek/predmety-po-ukhodu/pukhoderka/
Колтунорез;koltunorez;predmety-po-ukhodu;/catalog/tovary-i-korma-dlya-koshek/predmety-po-ukhodu/koltunorez/
Средства от паразитов;sredstva-ot-parazitov;tovary-i-korma-dlya-koshek;/catalog/tovary-i-korma-dlya-koshek/sredstva-ot-parazitov/
Ошейники;osheyniki;sredstva-ot-parazitov;/catalog/tovary-i-korma-dlya-koshek/sredstva-ot-parazitov/osheyniki/
Средства по уходу;sredstva-po-ukhodu;tovary-i-korma-dlya-koshek;/catalog/tovary-i-korma-dlya-koshek/sredstva-po-ukhodu/
Дезинфицирующие;dezinfitsiruyushchie;sredstva-po-ukhodu;/catalog/tovary-i-korma-dlya-koshek/sredstva-po-ukhodu/dezinfitsiruyushchie/
Для выведения шерсти;dlya-vyvedeniya-shersti;sredstva-po-ukhodu;/catalog/tovary-i-korma-dlya-koshek/sredstva-po-ukhodu/dlya-vyvedeniya-shersti/
Для ушей и глаз;dlya-ushey-i-glaz;sredstva-po-ukhodu;/catalog/tovary-i-korma-dlya-koshek/sredstva-po-ukhodu/dlya-ushey-i-glaz/
Корректоры поведения;korrektory-povedeniya;sredstva-po-ukhodu;/catalog/tovary-i-korma-dlya-koshek/sredstva-po-ukhodu/korrektory-povedeniya/
Спрей для шерсти;sprey-dlya-shersti;sredstva-po-ukhodu;/catalog/tovary-i-korma-dlya-koshek/sredstva-po-ukhodu/sprey-dlya-shersti/
Шампунь;shampun;sredstva-po-ukhodu;/catalog/tovary-i-korma-dlya-koshek/sredstva-po-ukhodu/shampun/
Beaphar;beaphar;shampun;/catalog/tovary-i-korma-dlya-koshek/sredstva-po-ukhodu/shampun/beaphar/
Ms.Kiss;ms-kiss;shampun;/catalog/tovary-i-korma-dlya-koshek/sredstva-po-ukhodu/shampun/ms-kiss/
ДокторZOO;doktorzoo;shampun;/catalog/tovary-i-korma-dlya-koshek/sredstva-po-ukhodu/shampun/doktorzoo/
Разные;raznye;shampun;/catalog/tovary-i-korma-dlya-koshek/sredstva-po-ukhodu/shampun/raznye/
;tonel;tovary-i-korma-dlya-koshek;/catalog/tovary-i-korma-dlya-koshek/tonel/
Туалеты, совки;tualety-sovki;tovary-i-korma-dlya-koshek;/catalog/tovary-i-korma-dlya-koshek/tualety-sovki/
Пакеты для лотка;pakety-dlya-lotka;tualety-sovki;/catalog/tovary-i-korma-dlya-koshek/tualety-sovki/pakety-dlya-lotka/
Коврики;kovriki;tualety-sovki;/catalog/tovary-i-korma-dlya-koshek/tualety-sovki/kovriki/
Приучатель к унитазу;priuchatel-k-unitazu;tualety-sovki;/catalog/tovary-i-korma-dlya-koshek/tualety-sovki/priuchatel-k-unitazu/
Совки для туалета;sovki-dlya-tualeta;tualety-sovki;/catalog/tovary-i-korma-dlya-koshek/tualety-sovki/sovki-dlya-tualeta/
Туалеты домики;tualety-domiki;tualety-sovki;/catalog/tovary-i-korma-dlya-koshek/tualety-sovki/tualety-domiki/
Туалеты лотки;tualety-lotki;tualety-sovki;/catalog/tovary-i-korma-dlya-koshek/tualety-sovki/tualety-lotki/
;shleyki;tovary-i-korma-dlya-koshek;/catalog/tovary-i-korma-dlya-koshek/shleyki/
;podveski;tovary-i-korma-dlya-ptits;/catalog/tovary-i-korma-dlya-ptits/podveski/
;vitaminy;tovary-i-korma-dlya-ptits;/catalog/tovary-i-korma-dlya-ptits/vitaminy/
;gnezdo;tovary-i-korma-dlya-ptits;/catalog/tovary-i-korma-dlya-ptits/gnezdo/
;zherdochki;tovary-i-korma-dlya-ptits;/catalog/tovary-i-korma-dlya-ptits/zherdochki/
;zerkala;tovary-i-korma-dlya-ptits;/catalog/tovary-i-korma-dlya-ptits/zerkala/
Игрушки;igrushki;tovary-i-korma-dlya-ptits;/catalog/tovary-i-korma-dlya-ptits/igrushki/
Penn-Plax;penn-plax;igrushki;/catalog/tovary-i-korma-dlya-ptits/igrushki/penn-plax/
Trixie;trixie;igrushki;/catalog/tovary-i-korma-dlya-ptits/igrushki/trixie/
;kacheli;tovary-i-korma-dlya-ptits;/catalog/tovary-i-korma-dlya-ptits/kacheli/
Клетки;kletki;tovary-i-korma-dlya-ptits;/catalog/tovary-i-korma-dlya-ptits/kletki/
Дарэлл;darell_1;kletki;/catalog/tovary-i-korma-dlya-ptits/kletki/darell_1/
Triol;triol_1;kletki;/catalog/tovary-i-korma-dlya-ptits/kletki/triol_1/
Ferplast;ferplast;kletki;/catalog/tovary-i-korma-dlya-ptits/kletki/ferplast/
Inter Zoo;inter-zoo;kletki;/catalog/tovary-i-korma-dlya-ptits/kletki/inter-zoo/
Kredo;kredo;kletki;/catalog/tovary-i-korma-dlya-ptits/kletki/kredo/
Корм;korm;tovary-i-korma-dlya-ptits;/catalog/tovary-i-korma-dlya-ptits/korm/
Для волнистых попугаев;dlya-volnistykh-popugaev;korm;/catalog/tovary-i-korma-dlya-ptits/korm/dlya-volnistykh-popugaev/
Для канареек;dlya-kanareek;korm;/catalog/tovary-i-korma-dlya-ptits/korm/dlya-kanareek/
Для крупных попугаев;dlya-krupnykh-popugaev;korm;/catalog/tovary-i-korma-dlya-ptits/korm/dlya-krupnykh-popugaev/
Для разных видов птиц;dlya-raznykh-vidov-ptits;korm;/catalog/tovary-i-korma-dlya-ptits/korm/dlya-raznykh-vidov-ptits/
Для средних попугаев;dlya-srednikh-popugaev;korm;/catalog/tovary-i-korma-dlya-ptits/korm/dlya-srednikh-popugaev/
Для экзотических птиц;dlya-ekzoticheskikh-ptits;korm;/catalog/tovary-i-korma-dlya-ptits/korm/dlya-ekzoticheskikh-ptits/
;kormushki;tovary-i-korma-dlya-ptits;/catalog/tovary-i-korma-dlya-ptits/kormushki/
;kupalki;tovary-i-korma-dlya-ptits;/catalog/tovary-i-korma-dlya-ptits/kupalki/
;lakomstva;tovary-i-korma-dlya-ptits;/catalog/tovary-i-korma-dlya-ptits/lakomstva/
;lestnitsy;tovary-i-korma-dlya-ptits;/catalog/tovary-i-korma-dlya-ptits/lestnitsy/
;perenoski;tovary-i-korma-dlya-ptits;/catalog/tovary-i-korma-dlya-ptits/perenoski/
;pesok-kamni;tovary-i-korma-dlya-ptits;/catalog/tovary-i-korma-dlya-ptits/pesok-kamni/
;podkormki;tovary-i-korma-dlya-ptits;/catalog/tovary-i-korma-dlya-ptits/podkormki/
;poilki;tovary-i-korma-dlya-ptits;/catalog/tovary-i-korma-dlya-ptits/poilki/
;vitaminy;tovary-i-korma-dlya-gryzunov;/catalog/tovary-i-korma-dlya-gryzunov/vitaminy/
;kogterez;tovary-i-korma-dlya-gryzunov;/catalog/tovary-i-korma-dlya-gryzunov/kogterez/
;gamak-tonnel;tovary-i-korma-dlya-gryzunov;/catalog/tovary-i-korma-dlya-gryzunov/gamak-tonnel/
;domiki;tovary-i-korma-dlya-gryzunov;/catalog/tovary-i-korma-dlya-gryzunov/domiki/
;igrushki;tovary-i-korma-dlya-gryzunov;/catalog/tovary-i-korma-dlya-gryzunov/igrushki/
;raschestki;tovary-i-korma-dlya-gryzunov;/catalog/tovary-i-korma-dlya-gryzunov/raschestki/
Клетки;kletki;tovary-i-korma-dlya-gryzunov;/catalog/tovary-i-korma-dlya-gryzunov/kletki/
Вака;vaka;kletki;/catalog/tovary-i-korma-dlya-gryzunov/kletki/vaka/
Дарэлл;darell_2;kletki;/catalog/tovary-i-korma-dlya-gryzunov/kletki/darell_2/
Ferplast;ferplast;kletki;/catalog/tovary-i-korma-dlya-gryzunov/kletki/ferplast/
Inter Zoo;inter-zoo;kletki;/catalog/tovary-i-korma-dlya-gryzunov/kletki/inter-zoo/
Kredo;kredo;kletki;/catalog/tovary-i-korma-dlya-gryzunov/kletki/kredo/
N1;n1;kletki;/catalog/tovary-i-korma-dlya-gryzunov/kletki/n1/
Savic;savic;kletki;/catalog/tovary-i-korma-dlya-gryzunov/kletki/savic/
;kolesa;tovary-i-korma-dlya-gryzunov;/catalog/tovary-i-korma-dlya-gryzunov/kolesa/
Корм;korm;tovary-i-korma-dlya-gryzunov;/catalog/tovary-i-korma-dlya-gryzunov/korm/
Для всех грызунов;dlya-vsekh-gryzunov;korm;/catalog/tovary-i-korma-dlya-gryzunov/korm/dlya-vsekh-gryzunov/
Для кроликов;dlya-krolikov;korm;/catalog/tovary-i-korma-dlya-gryzunov/korm/dlya-krolikov/
Для морских свинок;dlya-morskikh-svinok;korm;/catalog/tovary-i-korma-dlya-gryzunov/korm/dlya-morskikh-svinok/
Для хомяков,крыс,мышей;dlya-khomyakov-krys-myshey;korm;/catalog/tovary-i-korma-dlya-gryzunov/korm/dlya-khomyakov-krys-myshey/
Для шиншил, дегу;dlya-shinshil-degu;korm;/catalog/tovary-i-korma-dlya-gryzunov/korm/dlya-shinshil-degu/
Сено, трава;seno-trava;korm;/catalog/tovary-i-korma-dlya-gryzunov/korm/seno-trava/
Универсальный;universalnyy;korm;/catalog/tovary-i-korma-dlya-gryzunov/korm/universalnyy/
;kormushki;tovary-i-korma-dlya-gryzunov;/catalog/tovary-i-korma-dlya-gryzunov/kormushki/
;kupalki;tovary-i-korma-dlya-gryzunov;/catalog/tovary-i-korma-dlya-gryzunov/kupalki/
Лакомства;lakomstva_;tovary-i-korma-dlya-gryzunov;/catalog/tovary-i-korma-dlya-gryzunov/lakomstva_/
Happy Jungle;happy-jungle;lakomstva_;/catalog/tovary-i-korma-dlya-gryzunov/lakomstva_/happy-jungle/
Little One;little-one;lakomstva_;/catalog/tovary-i-korma-dlya-gryzunov/lakomstva_/little-one/
Padovan;padovan;lakomstva_;/catalog/tovary-i-korma-dlya-gryzunov/lakomstva_/padovan/
Vitakraft;vitakraft;lakomstva_;/catalog/tovary-i-korma-dlya-gryzunov/lakomstva_/vitakraft/
Родные корма;rodnye-korma;lakomstva_;/catalog/tovary-i-korma-dlya-gryzunov/lakomstva_/rodnye-korma/
;miski;tovary-i-korma-dlya-gryzunov;/catalog/tovary-i-korma-dlya-gryzunov/miski/
;napolniteli;tovary-i-korma-dlya-gryzunov;/catalog/tovary-i-korma-dlya-gryzunov/napolniteli/
;perenoski;tovary-i-korma-dlya-gryzunov;/catalog/tovary-i-korma-dlya-gryzunov/perenoski/
;podkormki_;tovary-i-korma-dlya-gryzunov;/catalog/tovary-i-korma-dlya-gryzunov/podkormki_/
;poilki;tovary-i-korma-dlya-gryzunov;/catalog/tovary-i-korma-dlya-gryzunov/poilki/
;sredstva-po-ukhodu;tovary-i-korma-dlya-gryzunov;/catalog/tovary-i-korma-dlya-gryzunov/sredstva-po-ukhodu/
;tualet;tovary-i-korma-dlya-gryzunov;/catalog/tovary-i-korma-dlya-gryzunov/tualet/
;shleyki;tovary-i-korma-dlya-gryzunov;/catalog/tovary-i-korma-dlya-gryzunov/shleyki/
Аксессуары;aksessuary;tovary-i-korma-dlya-ryb;/catalog/tovary-i-korma-dlya-ryb/aksessuary/
Гроты;groty;aksessuary;/catalog/tovary-i-korma-dlya-ryb/aksessuary/groty/
Грунты;grunty;aksessuary;/catalog/tovary-i-korma-dlya-ryb/aksessuary/grunty/
Кормушки;kormushki;aksessuary;/catalog/tovary-i-korma-dlya-ryb/aksessuary/kormushki/
Отсадник;otsadnik;aksessuary;/catalog/tovary-i-korma-dlya-ryb/aksessuary/otsadnik/
Сачки;sachki;aksessuary;/catalog/tovary-i-korma-dlya-ryb/aksessuary/sachki/
Стеклоочистители;stekloochistiteli;aksessuary;/catalog/tovary-i-korma-dlya-ryb/aksessuary/stekloochistiteli/
Термометры;termometry;aksessuary;/catalog/tovary-i-korma-dlya-ryb/aksessuary/termometry/
Корм Sera;korm-sera;tovary-i-korma-dlya-ryb;/catalog/tovary-i-korma-dlya-ryb/korm-sera/
Spirulina;spirulina;korm-sera;/catalog/tovary-i-korma-dlya-ryb/korm-sera/spirulina/
Bettagran;bettagran;korm-sera;/catalog/tovary-i-korma-dlya-ryb/korm-sera/bettagran/
Goldy;goldy;korm-sera;/catalog/tovary-i-korma-dlya-ryb/korm-sera/goldy/
Holliday;holliday;korm-sera;/catalog/tovary-i-korma-dlya-ryb/korm-sera/holliday/
Vipachips;vipachips;korm-sera;/catalog/tovary-i-korma-dlya-ryb/korm-sera/vipachips/
Корм Tetra;korm-tetra;tovary-i-korma-dlya-ryb;/catalog/tovary-i-korma-dlya-ryb/korm-tetra/
Cichlid;cichlid;korm-tetra;/catalog/tovary-i-korma-dlya-ryb/korm-tetra/cichlid/
Diskus;diskus;korm-tetra;/catalog/tovary-i-korma-dlya-ryb/korm-tetra/diskus/
Gold Fish;gold-fish;korm-tetra;/catalog/tovary-i-korma-dlya-ryb/korm-tetra/gold-fish/
Guppy;guppy;korm-tetra;/catalog/tovary-i-korma-dlya-ryb/korm-tetra/guppy/
Menu;menu;korm-tetra;/catalog/tovary-i-korma-dlya-ryb/korm-tetra/menu/
Min;min;korm-tetra;/catalog/tovary-i-korma-dlya-ryb/korm-tetra/min/
Phyll;phyll;korm-tetra;/catalog/tovary-i-korma-dlya-ryb/korm-tetra/phyll/
Pleco;pleco;korm-tetra;/catalog/tovary-i-korma-dlya-ryb/korm-tetra/pleco/
Pro;pro;korm-tetra;/catalog/tovary-i-korma-dlya-ryb/korm-tetra/pro/
Rubin;rubin;korm-tetra;/catalog/tovary-i-korma-dlya-ryb/korm-tetra/rubin/
TabiMin;tabimin;korm-tetra;/catalog/tovary-i-korma-dlya-ryb/korm-tetra/tabimin/
WaferMix;wafermix;korm-tetra;/catalog/tovary-i-korma-dlya-ryb/korm-tetra/wafermix/
;korma-raznye;tovary-i-korma-dlya-ryb;/catalog/tovary-i-korma-dlya-ryb/korma-raznye/
Оборудование;oborudovanie;tovary-i-korma-dlya-ryb;/catalog/tovary-i-korma-dlya-ryb/oborudovanie/
Компрессоры и аксессуары;kompressory-i-aksessuary;oborudovanie;/catalog/tovary-i-korma-dlya-ryb/oborudovanie/kompressory-i-aksessuary/
Помпы- фильтры;pompy-filtry;oborudovanie;/catalog/tovary-i-korma-dlya-ryb/oborudovanie/pompy-filtry/
Пылесосы;pylesosy;oborudovanie;/catalog/tovary-i-korma-dlya-ryb/oborudovanie/pylesosy/
Распылители;raspyliteli;oborudovanie;/catalog/tovary-i-korma-dlya-ryb/oborudovanie/raspyliteli/
Термонагреватели;termonagrevateli;oborudovanie;/catalog/tovary-i-korma-dlya-ryb/oborudovanie/termonagrevateli/
Уход за водой;ukhod-za-vodoy;tovary-i-korma-dlya-ryb;/catalog/tovary-i-korma-dlya-ryb/ukhod-za-vodoy/
Кондиционеры;konditsionery;ukhod-za-vodoy;/catalog/tovary-i-korma-dlya-ryb/ukhod-za-vodoy/konditsionery/
Ср-во для подготовки;sr-vo-dlya-podgotovki;ukhod-za-vodoy;/catalog/tovary-i-korma-dlya-ryb/ukhod-za-vodoy/sr-vo-dlya-podgotovki/
;ukhod-za-rasteniyami;tovary-i-korma-dlya-ryb;/catalog/tovary-i-korma-dlya-ryb/ukhod-za-rasteniyami/
;ukhod-za-rybami;tovary-i-korma-dlya-ryb;/catalog/tovary-i-korma-dlya-ryb/ukhod-za-rybami/
;korm;tovary-i-korma-dlya-reptiliy;/catalog/tovary-i-korma-dlya-reptiliy/korm/
;sredstva-po-ukhodu;tovary-i-korma-dlya-reptiliy;/catalog/tovary-i-korma-dlya-reptiliy/sredstva-po-ukhodu/
;terrariumy_;tovary-i-korma-dlya-reptiliy;/catalog/tovary-i-korma-dlya-reptiliy/terrariumy_/
;aksessuary;tovary-i-korma-dlya-khorkov;/catalog/tovary-i-korma-dlya-khorkov/aksessuary/
;kletki;tovary-i-korma-dlya-khorkov;/catalog/tovary-i-korma-dlya-khorkov/kletki/
;korm;tovary-i-korma-dlya-khorkov;/catalog/tovary-i-korma-dlya-khorkov/korm/
;shampuni;tovary-i-korma-dlya-khorkov;/catalog/tovary-i-korma-dlya-khorkov/shampuni/
